epoch,auc,fold,loss,repeat,val_auc,val_loss
0,0.852448582649231,1,0.47211429476737976,1,0.8948977589607239,0.4232938885688782
1,0.8968489766120911,1,0.4019489288330078,1,0.907376229763031,0.41134047508239746
2,0.9115070700645447,1,0.37403351068496704,1,0.9178456664085388,0.3650895953178406
3,0.9209941625595093,1,0.35408052802085876,1,0.9204273819923401,0.36357271671295166
4,0.9280579686164856,1,0.3378221094608307,1,0.9242013692855835,0.3536875247955322
5,0.9340349435806274,1,0.32360807061195374,1,0.9256554841995239,0.3592858910560608
6,0.9391990303993225,1,0.3108919560909271,1,0.9231324791908264,0.34895437955856323
7,0.9438952803611755,1,0.29910871386528015,1,0.9269847273826599,0.3566780090332031
8,0.9477440714836121,1,0.2888118028640747,1,0.9287833571434021,0.3524473309516907
9,0.9522420167922974,1,0.2769482433795929,1,0.9263244867324829,0.3446265459060669
10,0.9553958177566528,1,0.26806649565696716,1,0.9273617267608643,0.349072128534317
11,0.9588319063186646,1,0.2580939531326294,1,0.9282667636871338,0.36130213737487793
12,0.9620146751403809,1,0.2484356313943863,1,0.9231059551239014,0.36534836888313293
13,0.9645138382911682,1,0.24099566042423248,1,0.927371084690094,0.3908025622367859
14,0.9669450521469116,1,0.23269487917423248,1,0.9245155453681946,0.3773973882198334
15,0.9686947464942932,1,0.2272781878709793,1,0.9206314086914062,0.40494632720947266
16,0.9720119833946228,1,0.2155992090702057,1,0.9242776036262512,0.402360737323761
17,0.9730139374732971,1,0.21317242085933685,1,0.9235654473304749,0.421581506729126
18,0.9751767516136169,1,0.20490801334381104,1,0.9220873117446899,0.4230234920978546
19,0.976590096950531,1,0.19967293739318848,1,0.92000412940979,0.43237775564193726
20,0.9781078100204468,1,0.19411525130271912,1,0.9123646020889282,0.5175714492797852
21,0.978940486907959,1,0.19024910032749176,1,0.9202547073364258,0.48959532380104065
22,0.9807256460189819,1,0.1837756335735321,1,0.9163468480110168,0.42322027683258057
23,0.981185793876648,1,0.18156874179840088,1,0.9169765710830688,0.4502919018268585
24,0.9824244379997253,1,0.17701686918735504,1,0.9110970497131348,0.4905875325202942
25,0.9830213785171509,1,0.17474056780338287,1,0.9188655018806458,0.43930625915527344
26,0.9845424890518188,1,0.166995570063591,1,0.9154099822044373,0.4982786774635315
27,0.9850742220878601,1,0.16400974988937378,1,0.9039902091026306,0.5394197106361389
28,0.9857981204986572,1,0.16065937280654907,1,0.912026047706604,0.5365989208221436
29,0.9862024784088135,1,0.15896418690681458,1,0.9140703082084656,0.5135940313339233
30,0.9871985912322998,1,0.15545862913131714,1,0.9158077836036682,0.5063258409500122
31,0.9879523515701294,1,0.1506480723619461,1,0.9095286726951599,0.6154804229736328
32,0.988599956035614,1,0.14690902829170227,1,0.9082757234573364,0.651066780090332
33,0.9885502457618713,1,0.1472911387681961,1,0.9131453037261963,0.5449920892715454
34,0.989485502243042,1,0.14288337528705597,1,0.9055172204971313,0.5444161295890808
35,0.9898785352706909,1,0.14031867682933807,1,0.9067215919494629,0.6204061508178711
36,0.9902637600898743,1,0.1383325159549713,1,0.9075942039489746,0.5500013828277588
37,0.9901701211929321,1,0.1392151564359665,1,0.9069461226463318,0.6280005574226379
38,0.9909220933914185,1,0.13448938727378845,1,0.8981459140777588,0.7076171636581421
39,0.990993857383728,1,0.13386408984661102,1,0.9110608696937561,0.6216580867767334
40,0.9916185140609741,1,0.1307440549135208,1,0.9060269594192505,0.5576598048210144
41,0.991640031337738,1,0.13020050525665283,1,0.9012908935546875,0.7016561031341553
42,0.9920161366462708,1,0.1286182552576065,1,0.9002276659011841,0.691806972026825
43,0.9925011992454529,1,0.12442634254693985,1,0.9031768441200256,0.6203175187110901
44,0.992499589920044,1,0.12494636327028275,1,0.9000888466835022,0.6332949995994568
45,0.9927780032157898,1,0.12292526662349701,1,0.9096738696098328,0.6272333860397339
46,0.9930092692375183,1,0.12177465111017227,1,0.9042976498603821,0.6904159784317017
47,0.9931614398956299,1,0.12025070190429688,1,0.9000352621078491,0.5918043851852417
48,0.993378758430481,1,0.11891452968120575,1,0.9040497541427612,0.6365952491760254
49,0.9935449957847595,1,0.11757857352495193,1,0.8958169221878052,0.8450961709022522
50,0.9935981035232544,1,0.1162492036819458,1,0.9053069353103638,0.6814400553703308
51,0.9940969347953796,1,0.11412354558706284,1,0.9043976068496704,0.6826690435409546
52,0.9942535758018494,1,0.11532469093799591,1,0.9063398838043213,0.6253345608711243
53,0.9943366646766663,1,0.11234616488218307,1,0.9051844477653503,0.663824200630188
54,0.994202733039856,1,0.11191101372241974,1,0.9016380906105042,0.6732123494148254
55,0.994478702545166,1,0.11146464198827744,1,0.895617663860321,0.7174777388572693
56,0.9945003986358643,1,0.1114988625049591,1,0.9019860029220581,0.7148194909095764
57,0.9947799444198608,1,0.1097746342420578,1,0.9025939106941223,0.6557061672210693
58,0.9952087998390198,1,0.10593949258327484,1,0.8982220888137817,0.6627672910690308
59,0.9950060844421387,1,0.10702383518218994,1,0.9007124900817871,0.6909958720207214
60,0.9951385259628296,1,0.10601654648780823,1,0.9056586027145386,0.6508542895317078
61,0.9953084588050842,1,0.10429691523313522,1,0.8923867344856262,0.7828798890113831
62,0.9954109787940979,1,0.1041901633143425,1,0.9023206233978271,0.601658284664154
63,0.9954001903533936,1,0.10301455110311508,1,0.8961636424064636,0.7557224631309509
64,0.9955173134803772,1,0.10265082865953445,1,0.8983398675918579,0.7035037875175476
65,0.9957997798919678,1,0.10047222673892975,1,0.8947513103485107,0.7403053045272827
66,0.9953924417495728,1,0.10502441227436066,1,0.9003980755805969,0.6617514491081238
67,0.9958924651145935,1,0.10065405070781708,1,0.9003052711486816,0.6515726447105408
68,0.9960737228393555,1,0.0981730967760086,1,0.893893837928772,0.7648969888687134
69,0.9961212873458862,1,0.0983542650938034,1,0.9000343084335327,0.6811721324920654
70,0.995962917804718,1,0.09861330687999725,1,0.9012757539749146,0.625142514705658
71,0.9959344267845154,1,0.098089799284935,1,0.9008079171180725,0.728319525718689
72,0.9961504340171814,1,0.0972476452589035,1,0.8998237252235413,0.7342988848686218
73,0.996301531791687,1,0.09614497423171997,1,0.8995214700698853,0.7083151340484619
74,0.9962754249572754,1,0.09597155451774597,1,0.8950716257095337,0.7404208779335022
75,0.9962567090988159,1,0.09640204161405563,1,0.898405909538269,0.8201411366462708
76,0.9964311122894287,1,0.0945877805352211,1,0.8926411867141724,0.8005331158638
77,0.9964813590049744,1,0.09484832733869553,1,0.901905357837677,0.6826799511909485
78,0.9963078498840332,1,0.09479201585054398,1,0.8957164287567139,0.7665833234786987
79,0.9964051842689514,1,0.09475041180849075,1,0.8995199203491211,0.7350572943687439
80,0.9964456558227539,1,0.09536246210336685,1,0.898006796836853,0.6572384238243103
81,0.9968132376670837,1,0.09128895401954651,1,0.8948681354522705,0.8324387073516846
82,0.9967964291572571,1,0.09197960793972015,1,0.9001436233520508,0.726294219493866
83,0.9968844056129456,1,0.09107500314712524,1,0.8961678147315979,0.8204028606414795
84,0.9970169067382812,1,0.09055785089731216,1,0.8918600678443909,0.7835932970046997
85,0.99659264087677,1,0.0920586884021759,1,0.8948246836662292,0.8122401237487793
86,0.9967930316925049,1,0.09134552627801895,1,0.8937276601791382,0.8222588896751404
87,0.9969919919967651,1,0.08997102826833725,1,0.8916891813278198,0.8344394564628601
88,0.9970113039016724,1,0.08974334597587585,1,0.890929102897644,0.9139167666435242
89,0.9970097541809082,1,0.08819334954023361,1,0.8970484137535095,0.8041077256202698
90,0.9969754219055176,1,0.0887807086110115,1,0.8998263478279114,0.713216245174408
91,0.997231125831604,1,0.08676072210073471,1,0.8973771333694458,0.7162254452705383
92,0.9971293807029724,1,0.08708339184522629,1,0.8905473947525024,0.8584111928939819
93,0.9971468448638916,1,0.08779262751340866,1,0.8897243738174438,0.8293852210044861
94,0.9973875880241394,1,0.0845898985862732,1,0.8846979737281799,0.9484158754348755
95,0.9971222877502441,1,0.08785661309957504,1,0.8974594473838806,0.8134145736694336
96,0.9973667860031128,1,0.08497904241085052,1,0.8920835852622986,0.7502551078796387
97,0.9974038004875183,1,0.08438321948051453,1,0.8992352485656738,0.7295718193054199
98,0.9972352981567383,1,0.08549204468727112,1,0.8965198993682861,0.71126788854599
99,0.9974263906478882,1,0.08479927480220795,1,0.8883488178253174,0.8571822643280029
0,0.8540042042732239,2,0.47092363238334656,1,0.8896133303642273,0.4339662492275238
1,0.8970731496810913,2,0.4014938473701477,1,0.9033046364784241,0.39198604226112366
2,0.9122893214225769,2,0.3727443516254425,1,0.9169084429740906,0.37076157331466675
3,0.9218692779541016,2,0.3520432710647583,1,0.9181494116783142,0.3598646819591522
4,0.9288221001625061,2,0.33598461747169495,1,0.9211905002593994,0.356306791305542
5,0.9339261651039124,2,0.32341787219047546,1,0.9218106865882874,0.3589385151863098
6,0.9394496083259583,2,0.3103683590888977,1,0.9230273962020874,0.35480087995529175
7,0.9446502327919006,2,0.2972107529640198,1,0.9225385189056396,0.35284745693206787
8,0.9478877782821655,2,0.2880610227584839,1,0.9288468956947327,0.3480049669742584
9,0.951953113079071,2,0.27755609154701233,1,0.9244629740715027,0.3617788851261139
10,0.9554504156112671,2,0.2679275572299957,1,0.927547812461853,0.36078307032585144
11,0.9586516618728638,2,0.25820326805114746,1,0.9250679612159729,0.361910879611969
12,0.9612539410591125,2,0.25117021799087524,1,0.9264679551124573,0.36863258481025696
13,0.9644020795822144,2,0.2414187639951706,1,0.9258159399032593,0.4096539616584778
14,0.9661099314689636,2,0.23552201688289642,1,0.9189963340759277,0.399843692779541
15,0.969230592250824,2,0.22601397335529327,1,0.9225797057151794,0.4069482982158661
16,0.9706834554672241,2,0.22038938105106354,1,0.9235277771949768,0.40544143319129944
17,0.9729782938957214,2,0.2128303349018097,1,0.9219013452529907,0.446737140417099
18,0.9745978116989136,2,0.20696057379245758,1,0.9210871458053589,0.5011419653892517
19,0.975758969783783,2,0.20344598591327667,1,0.9138999581336975,0.4309035539627075
20,0.9775098562240601,2,0.19685444235801697,1,0.917629063129425,0.441578209400177
21,0.9786089658737183,2,0.19203224778175354,1,0.9222437739372253,0.4313523769378662
22,0.9801480770111084,2,0.1865730881690979,1,0.9203563928604126,0.44343897700309753
23,0.9814361929893494,2,0.18065716326236725,1,0.9174489378929138,0.5252565741539001
24,0.9823225736618042,2,0.17724870145320892,1,0.9194546341896057,0.4651201367378235
25,0.9836975932121277,2,0.17219586670398712,1,0.912259042263031,0.49630409479141235
26,0.983729362487793,2,0.1719016134738922,1,0.9125474691390991,0.5450289249420166
27,0.9851154088973999,2,0.1659303456544876,1,0.911994457244873,0.4962345361709595
28,0.9858288764953613,2,0.162454754114151,1,0.9103018641471863,0.5576386451721191
29,0.9866949319839478,2,0.1579851657152176,1,0.9173697829246521,0.5216771960258484
30,0.9866682887077332,2,0.15788312256336212,1,0.9126072525978088,0.525600254535675
31,0.9878935217857361,2,0.15202733874320984,1,0.9108225703239441,0.5409852862358093
32,0.9879025816917419,2,0.15111573040485382,1,0.9130262732505798,0.5447216033935547
33,0.9885751605033875,2,0.14884717762470245,1,0.9154059886932373,0.58246910572052
34,0.9886711835861206,2,0.14762696623802185,1,0.9120487570762634,0.5076242685317993
35,0.9896944761276245,2,0.14270707964897156,1,0.9074642658233643,0.6005373597145081
36,0.9898626208305359,2,0.14116983115673065,1,0.9034891724586487,0.6447460055351257
37,0.9904289841651917,2,0.13735683262348175,1,0.9076852798461914,0.5951114296913147
38,0.9908697009086609,2,0.1354486495256424,1,0.910297691822052,0.6558836102485657
39,0.9906604290008545,2,0.13679854571819305,1,0.9087944030761719,0.5827778577804565
40,0.9913010001182556,2,0.13352391123771667,1,0.9033852815628052,0.6723375916481018
41,0.9914813041687012,2,0.13327638804912567,1,0.8996942639350891,0.6107651591300964
42,0.9917109608650208,2,0.13057050108909607,1,0.9070645570755005,0.5654792189598083
43,0.9919861555099487,2,0.12867365777492523,1,0.898637592792511,0.673197865486145
44,0.9923730492591858,2,0.12657636404037476,1,0.9069847464561462,0.6242031455039978
45,0.9923149943351746,2,0.12587706744670868,1,0.9076469540596008,0.6102002263069153
46,0.9927636384963989,2,0.12448450177907944,1,0.9107964634895325,0.5526342391967773
47,0.9928984642028809,2,0.12240169942378998,1,0.908822238445282,0.6120344400405884
48,0.9929667115211487,2,0.1224641427397728,1,0.902513861656189,0.6208705306053162
49,0.993121862411499,2,0.12136171013116837,1,0.8994514346122742,0.7001311182975769
50,0.9930588603019714,2,0.11999089270830154,1,0.9040157794952393,0.5952966809272766
51,0.9937689900398254,2,0.11793486773967743,1,0.9047234654426575,0.6163114905357361
52,0.9938362836837769,2,0.1168152317404747,1,0.9004364013671875,0.7597659230232239
53,0.9939119815826416,2,0.11608008295297623,1,0.9033116102218628,0.6584857702255249
54,0.9940048456192017,2,0.11536169797182083,1,0.8998538851737976,0.6906452775001526
55,0.9940785765647888,2,0.11456578969955444,1,0.8948434591293335,0.7803597450256348
56,0.9945813417434692,2,0.1113981381058693,1,0.8946239352226257,0.6960403323173523
57,0.9946519136428833,2,0.11108491569757462,1,0.9037296772003174,0.7197046279907227
58,0.9943873286247253,2,0.1122204065322876,1,0.9007512927055359,0.6960123777389526
59,0.994813859462738,2,0.10976877808570862,1,0.8957018256187439,0.6697363257408142
60,0.9946836829185486,2,0.11037302017211914,1,0.8981874585151672,0.7400000095367432
61,0.9948788285255432,2,0.10918483883142471,1,0.8959566354751587,0.7060678005218506
62,0.9953267574310303,2,0.10579293221235275,1,0.9009842872619629,0.7056944966316223
63,0.9952278733253479,2,0.10569261014461517,1,0.9004406929016113,0.7301154732704163
64,0.9954440593719482,2,0.10537131875753403,1,0.8985210061073303,0.7370523810386658
65,0.9952466487884521,2,0.1056806668639183,1,0.895747721195221,0.7742164134979248
66,0.9956454634666443,2,0.10237936675548553,1,0.8964437246322632,0.6251401901245117
67,0.995448648929596,2,0.10410404950380325,1,0.8990210890769958,0.6676915287971497
68,0.9957727193832397,2,0.10190180689096451,1,0.9041712880134583,0.6303123831748962
69,0.9956986308097839,2,0.1017947718501091,1,0.8941341638565063,0.7378990054130554
70,0.9959120750427246,2,0.10066591948270798,1,0.8939729928970337,0.7822273373603821
71,0.9957926869392395,2,0.1005464494228363,1,0.9000505805015564,0.7945650815963745
72,0.9960688948631287,2,0.09927203506231308,1,0.8900108337402344,0.7301955819129944
73,0.996133029460907,2,0.09896620362997055,1,0.9030066132545471,0.6768900752067566
74,0.9959695935249329,2,0.1000487357378006,1,0.8994941115379333,0.7208034992218018
75,0.9961185455322266,2,0.09764858335256577,1,0.8975182175636292,0.6973894834518433
76,0.9963043332099915,2,0.09737234562635422,1,0.8891058564186096,0.8430670499801636
77,0.9964455962181091,2,0.09664162248373032,1,0.8975998163223267,0.6435216665267944
78,0.9963713884353638,2,0.09622129797935486,1,0.8893863558769226,0.8111653923988342
79,0.9963587522506714,2,0.09508439898490906,1,0.9003558158874512,0.8278936147689819
80,0.996598482131958,2,0.09504757821559906,1,0.8954722881317139,0.7344527244567871
81,0.9966659545898438,2,0.09437722712755203,1,0.8910866975784302,0.770610511302948
82,0.9964147210121155,2,0.09541845321655273,1,0.8997583389282227,0.7116599678993225
83,0.9963955283164978,2,0.09552474319934845,1,0.8953448534011841,0.7806656360626221
84,0.9965826869010925,2,0.09449393302202225,1,0.8996248245239258,0.7831835746765137
85,0.996882438659668,2,0.09215255826711655,1,0.8960311412811279,0.7515663504600525
86,0.9966450333595276,2,0.09350194782018661,1,0.8962893486022949,0.8095192909240723
87,0.9967771768569946,2,0.0924987867474556,1,0.903424084186554,0.6790217757225037
88,0.9966037273406982,2,0.09321987628936768,1,0.8954951167106628,0.7512718439102173
89,0.9967337250709534,2,0.09192844480276108,1,0.8947809934616089,0.6875909566879272
90,0.9970168471336365,2,0.08963640034198761,1,0.8994375467300415,0.7205027937889099
91,0.997154712677002,2,0.08946894854307175,1,0.8933480381965637,0.7728986144065857
92,0.9968559145927429,2,0.09109721332788467,1,0.9012304544448853,0.7493118643760681
93,0.9971190094947815,2,0.08929488807916641,1,0.8872880935668945,0.8691051006317139
94,0.9970744848251343,2,0.08950092643499374,1,0.896506667137146,0.7874253392219543
95,0.9971304535865784,2,0.0888206884264946,1,0.8996293544769287,0.6570513844490051
96,0.9970991015434265,2,0.08920030295848846,1,0.8961977362632751,0.7196767330169678
97,0.9971263408660889,2,0.08902227133512497,1,0.894214391708374,0.7191548347473145
98,0.9972981214523315,2,0.08594129979610443,1,0.9004689455032349,0.6922492980957031
99,0.9972103834152222,2,0.08747635781764984,1,0.8990544676780701,0.702743411064148
0,0.8523704409599304,3,0.4739904999732971,1,0.8869529962539673,0.42514026165008545
1,0.898577094078064,3,0.4007382094860077,1,0.9084649085998535,0.38305240869522095
2,0.9126352667808533,3,0.3728571832180023,1,0.9098122119903564,0.38950735330581665
3,0.9217274188995361,3,0.3533424735069275,1,0.9181331396102905,0.36037391424179077
4,0.9284619688987732,3,0.3381049931049347,1,0.919343888759613,0.3627336323261261
5,0.9344912767410278,3,0.3235013484954834,1,0.9195160269737244,0.3677605986595154
6,0.939699649810791,3,0.31099432706832886,1,0.9226661920547485,0.3569527566432953
7,0.9444161653518677,3,0.2991725206375122,1,0.921478807926178,0.3607594668865204
8,0.9486019015312195,3,0.2878112494945526,1,0.9227128624916077,0.36837369203567505
9,0.9523023366928101,3,0.2775351405143738,1,0.9233536720275879,0.36011403799057007
10,0.9561593532562256,3,0.2672543525695801,1,0.926432192325592,0.3671545386314392
11,0.9595211148262024,3,0.25716978311538696,1,0.9227049946784973,0.3606147766113281
12,0.9625915884971619,3,0.2481955736875534,1,0.921758234500885,0.3754488229751587
13,0.9648180603981018,3,0.24127253890037537,1,0.9229662418365479,0.3836372494697571
14,0.966427743434906,3,0.23651470243930817,1,0.9196808338165283,0.4328274726867676
15,0.9692931175231934,3,0.2264721840620041,1,0.9215007424354553,0.40721675753593445
16,0.9715332388877869,3,0.21936441957950592,1,0.9152052998542786,0.40744566917419434
17,0.9731385707855225,3,0.2137424349784851,1,0.9201638698577881,0.4124131500720978
18,0.9751801490783691,3,0.20647473633289337,1,0.9131910800933838,0.45716068148612976
19,0.9766350984573364,3,0.20027022063732147,1,0.9178791046142578,0.44686025381088257
20,0.978102445602417,3,0.19517692923545837,1,0.9153397679328918,0.48592567443847656
21,0.9792557954788208,3,0.1906505972146988,1,0.9172812104225159,0.4730328619480133
22,0.9811763763427734,3,0.18363183736801147,1,0.9112090468406677,0.4691888391971588
23,0.9816907048225403,3,0.18087904155254364,1,0.9098798036575317,0.4889984726905823
24,0.9831642508506775,3,0.17464125156402588,1,0.9046103358268738,0.5569165349006653
25,0.9838870167732239,3,0.17176958918571472,1,0.9069609642028809,0.5094579458236694
26,0.9847877025604248,3,0.1683013141155243,1,0.9129201769828796,0.5333245992660522
27,0.985568106174469,3,0.16347220540046692,1,0.9093254208564758,0.5261282920837402
28,0.9860643744468689,3,0.16178789734840393,1,0.9088596701622009,0.5201377272605896
29,0.986876368522644,3,0.15739573538303375,1,0.9027087092399597,0.5903552174568176
30,0.9877250790596008,3,0.15330836176872253,1,0.9017435312271118,0.6097791790962219
31,0.9879535436630249,3,0.15295566618442535,1,0.9070518612861633,0.5430683493614197
32,0.9885850548744202,3,0.1488116830587387,1,0.8972522020339966,0.720332682132721
33,0.9887856841087341,3,0.148042693734169,1,0.9046112895011902,0.5514628291130066
34,0.9894918203353882,3,0.1443491131067276,1,0.9052997827529907,0.5902016162872314
35,0.9895747303962708,3,0.14342200756072998,1,0.901703417301178,0.579567551612854
36,0.9905986785888672,3,0.1376020759344101,1,0.9063280820846558,0.5617473125457764
37,0.9905208945274353,3,0.13839831948280334,1,0.9005690217018127,0.6252272725105286
38,0.9910199642181396,3,0.13515494763851166,1,0.9046263694763184,0.5936598777770996
39,0.9912412762641907,3,0.1347489356994629,1,0.8975280523300171,0.6640136241912842
40,0.9915576577186584,3,0.13203021883964539,1,0.9013241529464722,0.6385530829429626
41,0.9918103218078613,3,0.1304490566253662,1,0.8949570655822754,0.7296913862228394
42,0.9917757511138916,3,0.13095210492610931,1,0.9031007289886475,0.618256151676178
43,0.9926961064338684,3,0.1252070665359497,1,0.9014280438423157,0.6971633434295654
44,0.9926363229751587,3,0.12559355795383453,1,0.8983595371246338,0.6332612633705139
45,0.9924430251121521,3,0.12631750106811523,1,0.9066950082778931,0.6100735068321228
46,0.9929340481758118,3,0.12393142282962799,1,0.8900951147079468,0.7651880383491516
47,0.9930223226547241,3,0.1220126524567604,1,0.898483395576477,0.6588582992553711
48,0.9933483600616455,3,0.12026330083608627,1,0.8961719274520874,0.6592509746551514
49,0.9933711886405945,3,0.11933273077011108,1,0.9030266404151917,0.6405076384544373
50,0.9938421845436096,3,0.11777133494615555,1,0.8989300727844238,0.6388938426971436
51,0.9941396117210388,3,0.11518681049346924,1,0.8941740989685059,0.7375503182411194
52,0.9940550327301025,3,0.11606544256210327,1,0.8944087624549866,0.7677901387214661
53,0.9943345785140991,3,0.11350581049919128,1,0.9000772833824158,0.6323374509811401
54,0.9941108226776123,3,0.11580237746238708,1,0.9082950353622437,0.604411244392395
55,0.9943461418151855,3,0.11314193904399872,1,0.8987323045730591,0.7911495566368103
56,0.9945873022079468,3,0.11048880964517593,1,0.9025007486343384,0.5570250153541565
57,0.9946317672729492,3,0.11213242262601852,1,0.8891337513923645,0.7735580205917358
58,0.9948691129684448,3,0.11102645099163055,1,0.8950791954994202,0.619171142578125
59,0.9951429963111877,3,0.10705901682376862,1,0.8925145864486694,0.7056495547294617
60,0.9948922991752625,3,0.10912176966667175,1,0.8996777534484863,0.6791296601295471
61,0.9950205087661743,3,0.1076931357383728,1,0.8984293937683105,0.7174772620201111
62,0.9951604604721069,3,0.1075076088309288,1,0.901060938835144,0.6210203766822815
63,0.995491087436676,3,0.1042604073882103,1,0.8994771242141724,0.7257943153381348
64,0.9954715371131897,3,0.10452775657176971,1,0.8928694725036621,0.7758371233940125
65,0.9955162405967712,3,0.10449409484863281,1,0.8933336138725281,0.7346400022506714
66,0.9955445528030396,3,0.10354835540056229,1,0.8969907760620117,0.7359997034072876
67,0.9957562685012817,3,0.10257401317358017,1,0.8935109376907349,0.7974609732627869
68,0.9957346320152283,3,0.10217156261205673,1,0.8873424530029297,0.7544881701469421
69,0.9961549043655396,3,0.09961304813623428,1,0.8911159634590149,0.8687766194343567
70,0.9960431456565857,3,0.09952151030302048,1,0.8933266997337341,0.7425382137298584
71,0.996085524559021,3,0.09931351989507675,1,0.8940044641494751,0.6648784875869751
72,0.996076762676239,3,0.09873979538679123,1,0.8929577469825745,0.8033427000045776
73,0.996489405632019,3,0.09611682593822479,1,0.8894953727722168,0.8114441633224487
74,0.9957236051559448,3,0.10117121785879135,1,0.8930999636650085,0.7473496198654175
75,0.9960396885871887,3,0.09887654334306717,1,0.893531084060669,0.7384690642356873
76,0.9964705109596252,3,0.09780094772577286,1,0.8965029716491699,0.753807544708252
77,0.9965705871582031,3,0.09507086127996445,1,0.9006187915802002,0.6954849362373352
78,0.9964965581893921,3,0.09550812095403671,1,0.8908870220184326,0.8143123388290405
79,0.996489942073822,3,0.0950080081820488,1,0.8966245651245117,0.7026069760322571
80,0.9966623187065125,3,0.09520041197538376,1,0.8936904072761536,0.7639175653457642
81,0.9964576959609985,3,0.09658244997262955,1,0.8872909545898438,0.7976629734039307
82,0.996653139591217,3,0.09394162148237228,1,0.8923776149749756,0.8107043504714966
83,0.9966108202934265,3,0.09382257610559464,1,0.9017521142959595,0.6026342511177063
84,0.9967733025550842,3,0.09318778663873672,1,0.8949617147445679,0.7902194857597351
85,0.9969437122344971,3,0.09151782840490341,1,0.8944631814956665,0.7715024352073669
86,0.9969825148582458,3,0.09109432250261307,1,0.8875918984413147,0.8029849529266357
87,0.996825098991394,3,0.09160959720611572,1,0.8961436748504639,0.7661650776863098
88,0.997081995010376,3,0.08965832740068436,1,0.8917767405509949,0.7707181572914124
89,0.9971343278884888,3,0.08963805437088013,1,0.8886215090751648,0.7984946370124817
90,0.9970453381538391,3,0.0909484326839447,1,0.890588641166687,0.7771185040473938
91,0.9971410632133484,3,0.08969447016716003,1,0.8947539925575256,0.7977273464202881
92,0.9971422553062439,3,0.08846281468868256,1,0.891187310218811,0.8204441666603088
93,0.9971367120742798,3,0.08816473931074142,1,0.8915165662765503,0.7759934663772583
94,0.9971031546592712,3,0.0885980874300003,1,0.8952352404594421,0.8001260161399841
95,0.9972099661827087,3,0.08918273448944092,1,0.8953123092651367,0.7663107514381409
96,0.9974210858345032,3,0.08828958123922348,1,0.8844013214111328,0.8694038391113281
97,0.9972310066223145,3,0.08878664672374725,1,0.8947299122810364,0.6944018006324768
98,0.9972472190856934,3,0.08821168541908264,1,0.887218713760376,0.8171506524085999
99,0.9974785447120667,3,0.08614037185907364,1,0.8891248106956482,0.8886196613311768
0,0.8517452478408813,4,0.4711327850818634,1,0.8868051171302795,0.4338274300098419
1,0.897087574005127,4,0.3998883366584778,1,0.9030638337135315,0.3962615132331848
2,0.9122796654701233,4,0.37115246057510376,1,0.9082736968994141,0.38156405091285706
3,0.9213621616363525,4,0.35170480608940125,1,0.9146935939788818,0.37183764576911926
4,0.9282076954841614,4,0.3364396095275879,1,0.9129470586776733,0.38347747921943665
5,0.9342455267906189,4,0.3223726749420166,1,0.9163894057273865,0.36024919152259827
6,0.9397196769714355,4,0.30919817090034485,1,0.920857310295105,0.35287725925445557
7,0.9431777000427246,4,0.30004116892814636,1,0.924066960811615,0.37185779213905334
8,0.9483723640441895,4,0.28713396191596985,1,0.9212241172790527,0.35918134450912476
9,0.9520408511161804,4,0.27673500776290894,1,0.9242559671401978,0.3644663989543915
10,0.9556237459182739,4,0.2668217718601227,1,0.9154853820800781,0.36676493287086487
11,0.9584567546844482,4,0.2585327923297882,1,0.9231562614440918,0.3865298926830292
12,0.9613702893257141,4,0.2494630366563797,1,0.923065185546875,0.37512457370758057
13,0.9645304679870605,4,0.24059447646141052,1,0.9222162961959839,0.3809688091278076
14,0.9670812487602234,4,0.23237954080104828,1,0.9205530285835266,0.3709140121936798
15,0.96876460313797,4,0.22675146162509918,1,0.9196375012397766,0.39975303411483765
16,0.9711849689483643,4,0.21863140165805817,1,0.9203209280967712,0.4757882356643677
17,0.9732822179794312,4,0.2116711139678955,1,0.9203693270683289,0.4739407002925873
18,0.9749680757522583,4,0.2052001953125,1,0.9135658144950867,0.4270855784416199
19,0.9764115214347839,4,0.19981075823307037,1,0.9159834980964661,0.4467242956161499
20,0.97829669713974,4,0.19326385855674744,1,0.9177861213684082,0.48390331864356995
21,0.9793133735656738,4,0.1886492818593979,1,0.915087103843689,0.4934345781803131
22,0.9810038805007935,4,0.1820625364780426,1,0.917205810546875,0.47746461629867554
23,0.9818233847618103,4,0.1793264001607895,1,0.9124894738197327,0.5092515349388123
24,0.9830025434494019,4,0.1741057187318802,1,0.9082295894622803,0.4920578598976135
25,0.9834046363830566,4,0.17191548645496368,1,0.9162632822990417,0.4865495562553406
26,0.9847912788391113,4,0.16605223715305328,1,0.9137155413627625,0.5187398791313171
27,0.9856629371643066,4,0.1620115041732788,1,0.9070006608963013,0.557521402835846
28,0.9859886169433594,4,0.1603412926197052,1,0.9077256321907043,0.6279880404472351
29,0.9867981672286987,4,0.1568620353937149,1,0.9020110368728638,0.6060291528701782
30,0.9875491857528687,4,0.15361803770065308,1,0.907090425491333,0.493245393037796
31,0.9879435300827026,4,0.15121261775493622,1,0.9094955921173096,0.49804234504699707
32,0.9888461232185364,4,0.1469116508960724,1,0.9101457595825195,0.5913007259368896
33,0.9890276789665222,4,0.14509305357933044,1,0.8999502658843994,0.7027568817138672
34,0.9892886877059937,4,0.14348824322223663,1,0.9107590913772583,0.538842499256134
35,0.9896327257156372,4,0.14205020666122437,1,0.9069079756736755,0.6597263216972351
36,0.9902044534683228,4,0.13866330683231354,1,0.9085348844528198,0.5831519961357117
37,0.9904547929763794,4,0.1374472975730896,1,0.9005254507064819,0.5267497897148132
38,0.9905197024345398,4,0.13721494376659393,1,0.9026694297790527,0.6132354140281677
39,0.9909658432006836,4,0.13359953463077545,1,0.9024737477302551,0.6266717910766602
40,0.9915364384651184,4,0.1322541981935501,1,0.9036999940872192,0.6185417175292969
41,0.9923257827758789,4,0.12693795561790466,1,0.9041787385940552,0.6462568044662476
42,0.9922313690185547,4,0.12805823981761932,1,0.902382493019104,0.7249940633773804
43,0.9923282861709595,4,0.12634240090847015,1,0.8960837125778198,0.6274727582931519
44,0.9925382733345032,4,0.12445376068353653,1,0.9037097692489624,0.6180291771888733
45,0.9927334785461426,4,0.12316747009754181,1,0.8987394571304321,0.657319962978363
46,0.9929659962654114,4,0.12200909107923508,1,0.895503044128418,0.7137447595596313
47,0.9931668639183044,4,0.1204754188656807,1,0.9050540924072266,0.6969239711761475
48,0.9930697679519653,4,0.12151830643415451,1,0.9051333069801331,0.6492123007774353
49,0.9937660694122314,4,0.11700455099344254,1,0.8940027952194214,0.7349147200584412
50,0.9936800003051758,4,0.11767033487558365,1,0.8956462144851685,0.7668759822845459
51,0.9938414096832275,4,0.11597304791212082,1,0.8992458581924438,0.6528608202934265
52,0.9938333034515381,4,0.11558806896209717,1,0.8980726003646851,0.6846727132797241
53,0.9942430853843689,4,0.11330895125865936,1,0.8935419917106628,0.7636463642120361
54,0.9943061470985413,4,0.1121729239821434,1,0.8996343016624451,0.7223672866821289
55,0.9943825006484985,4,0.11178532987833023,1,0.898776650428772,0.7137648463249207
56,0.9947274327278137,4,0.11066864430904388,1,0.8997464776039124,0.7082710266113281
57,0.9946994185447693,4,0.1097656860947609,1,0.8996350765228271,0.7415582537651062
58,0.9948403835296631,4,0.10899858921766281,1,0.9004236459732056,0.7039011716842651
59,0.9948946833610535,4,0.10753209888935089,1,0.8927030563354492,0.6962118148803711
60,0.9952811598777771,4,0.1060241162776947,1,0.8942199945449829,0.7531605362892151
61,0.9949414134025574,4,0.10837320983409882,1,0.8976404070854187,0.6972548365592957
62,0.9953550100326538,4,0.10507328063249588,1,0.8893959522247314,0.7477338910102844
63,0.9952741861343384,4,0.10571371018886566,1,0.8991731405258179,0.7657226920127869
64,0.995430588722229,4,0.10365420579910278,1,0.8971441984176636,0.7021405696868896
65,0.9955369830131531,4,0.1037369966506958,1,0.8963824510574341,0.6967512369155884
66,0.9957118630409241,4,0.1022864580154419,1,0.8969511985778809,0.737174391746521
67,0.9954994916915894,4,0.10284288227558136,1,0.8866725564002991,0.7306976318359375
68,0.9959883093833923,4,0.10011227428913116,1,0.8980957269668579,0.7433655858039856
69,0.9959423542022705,4,0.10033316910266876,1,0.8937199711799622,0.8069180846214294
70,0.9956721663475037,4,0.10205305367708206,1,0.8999160528182983,0.6309773921966553
71,0.9960424900054932,4,0.09898774325847626,1,0.8943050503730774,0.7956490516662598
72,0.996116578578949,4,0.09851720929145813,1,0.8927493095397949,0.7602553367614746
73,0.9959251284599304,4,0.09862825274467468,1,0.8951815962791443,0.7177768349647522
74,0.9962842464447021,4,0.09680835157632828,1,0.8985885977745056,0.6978082656860352
75,0.9963280558586121,4,0.09634251147508621,1,0.8954349160194397,0.7167054414749146
76,0.9962252378463745,4,0.09756816178560257,1,0.8970982432365417,0.7719247937202454
77,0.9964582920074463,4,0.09503402560949326,1,0.8944629430770874,0.788123369216919
78,0.9965562224388123,4,0.09443676471710205,1,0.8975382447242737,0.6614061594009399
79,0.9960852265357971,4,0.09747450798749924,1,0.9021894931793213,0.6404580473899841
80,0.9966849684715271,4,0.09238700568675995,1,0.8973280787467957,0.6858128905296326
81,0.9967754483222961,4,0.09237227588891983,1,0.8941210508346558,0.7977367043495178
82,0.9965316653251648,4,0.0946788340806961,1,0.8953077793121338,0.7413250803947449
83,0.9966803193092346,4,0.09292930364608765,1,0.8951768279075623,0.7656235694885254
84,0.9966329336166382,4,0.09350145608186722,1,0.8906335830688477,0.741728663444519
85,0.9969162344932556,4,0.09001531451940536,1,0.8886027336120605,0.7950289845466614
86,0.9969848394393921,4,0.09047254920005798,1,0.8904054760932922,0.8444502353668213
87,0.9968571066856384,4,0.09237418323755264,1,0.8858010172843933,0.9136993288993835
88,0.9970225095748901,4,0.08951697498559952,1,0.8905059099197388,0.7784035205841064
89,0.9970667958259583,4,0.08926799893379211,1,0.8886061310768127,0.7862113118171692
90,0.9971933960914612,4,0.0880734771490097,1,0.898862898349762,0.6476467847824097
91,0.9970426559448242,4,0.08981426805257797,1,0.8942373394966125,0.7405286431312561
92,0.9971235394477844,4,0.08924956619739532,1,0.8809888958930969,0.8975155353546143
93,0.9972501397132874,4,0.08790306001901627,1,0.8886434435844421,0.8166477680206299
94,0.9970421195030212,4,0.09026449918746948,1,0.8950825333595276,0.7805972695350647
95,0.9971476793289185,4,0.08760251104831696,1,0.8901662230491638,0.8815308213233948
96,0.9973735809326172,4,0.08629564195871353,1,0.8881648778915405,0.8260751366615295
97,0.9972838163375854,4,0.08646915853023529,1,0.8939551711082458,0.8268718123435974
98,0.9972255229949951,4,0.08725976943969727,1,0.8980284929275513,0.7423779368400574
99,0.9971692562103271,4,0.08759483695030212,1,0.8940691351890564,0.786048412322998
0,0.8503499627113342,5,0.47393107414245605,1,0.8840535879135132,0.43016090989112854
1,0.8972713351249695,5,0.4012766182422638,1,0.9037694931030273,0.39464741945266724
2,0.9122208952903748,5,0.37235385179519653,1,0.9064981937408447,0.385393887758255
3,0.9214392900466919,5,0.3526710867881775,1,0.9148827791213989,0.3677692413330078
4,0.9287165999412537,5,0.3360089063644409,1,0.9194260239601135,0.37498196959495544
5,0.9342254996299744,5,0.3226536214351654,1,0.9213494062423706,0.3528163731098175
6,0.9393932223320007,5,0.3099341094493866,1,0.9244200587272644,0.34621337056159973
7,0.9440774917602539,5,0.29800543189048767,1,0.9228858351707458,0.35611456632614136
8,0.9481008648872375,5,0.2875215411186218,1,0.9226799011230469,0.3668080270290375
9,0.9512374997138977,5,0.2789059579372406,1,0.9270394444465637,0.34820055961608887
10,0.9553617835044861,5,0.2678925395011902,1,0.9212512969970703,0.36651158332824707
11,0.9588492512702942,5,0.2572404742240906,1,0.9259178638458252,0.36254051327705383
12,0.961530327796936,5,0.24925249814987183,1,0.9236868619918823,0.37169674038887024
13,0.9643892049789429,5,0.24105483293533325,1,0.9228957295417786,0.392464816570282
14,0.9670224785804749,5,0.2327422946691513,1,0.9221531748771667,0.41265586018562317
15,0.9692304730415344,5,0.22504863142967224,1,0.9190374612808228,0.4333321452140808
16,0.971045196056366,5,0.21960005164146423,1,0.9208301901817322,0.40018782019615173
17,0.9732016324996948,5,0.21163086593151093,1,0.91683429479599,0.44061434268951416
18,0.9747270941734314,5,0.2072954773902893,1,0.9207871556282043,0.42796236276626587
19,0.976757824420929,5,0.19890064001083374,1,0.9187429547309875,0.475514680147171
20,0.9779263734817505,5,0.19495372474193573,1,0.9195942282676697,0.4246181845664978
21,0.9794256091117859,5,0.18866324424743652,1,0.916013777256012,0.5458256006240845
22,0.980465829372406,5,0.18513405323028564,1,0.9180803894996643,0.4735819101333618
23,0.9818084239959717,5,0.17925171554088593,1,0.9106445908546448,0.5283136963844299
24,0.982926607131958,5,0.17453861236572266,1,0.9119020104408264,0.5594744682312012
25,0.9836804270744324,5,0.1709250658750534,1,0.9134288430213928,0.5294120907783508
26,0.9847198724746704,5,0.1670542061328888,1,0.9113780856132507,0.5068674087524414
27,0.9854426980018616,5,0.16309815645217896,1,0.9048489928245544,0.6225024461746216
28,0.9859874844551086,5,0.16113610565662384,1,0.9076930284500122,0.5316267013549805
29,0.986815333366394,5,0.15723343193531036,1,0.9150825142860413,0.5128551125526428
30,0.9873119592666626,5,0.15482568740844727,1,0.9099624156951904,0.5900182127952576
31,0.9879040122032166,5,0.15171658992767334,1,0.9075202345848083,0.589378297328949
32,0.9884030222892761,5,0.1492871642112732,1,0.906097412109375,0.5658934712409973
33,0.988926112651825,5,0.14650458097457886,1,0.9122241139411926,0.5899291038513184
34,0.9893290400505066,5,0.14368782937526703,1,0.9095182418823242,0.5364431142807007
35,0.9898203611373901,5,0.14133311808109283,1,0.9075222015380859,0.5588229894638062
36,0.9900389909744263,5,0.13990426063537598,1,0.9099640846252441,0.5488799214363098
37,0.9904447793960571,5,0.13821831345558167,1,0.9084302186965942,0.6011652946472168
38,0.9912042617797852,5,0.13286380469799042,1,0.9050965309143066,0.6125514507293701
39,0.9911026954650879,5,0.13395455479621887,1,0.8935627341270447,0.6044888496398926
40,0.9916319251060486,5,0.1305353045463562,1,0.9066195487976074,0.5911835432052612
41,0.9918526411056519,5,0.13012784719467163,1,0.9063310623168945,0.6873102188110352
42,0.991919994354248,5,0.12976792454719543,1,0.906745195388794,0.5979772806167603
43,0.9924540519714355,5,0.12543387711048126,1,0.8986324071884155,0.6445096731185913
44,0.9923592209815979,5,0.12599550187587738,1,0.9037601351737976,0.6584265232086182
45,0.9927424192428589,5,0.12360268831253052,1,0.9029841423034668,0.6254945397377014
46,0.9927385449409485,5,0.12290330231189728,1,0.9049290418624878,0.59827721118927
47,0.9932810068130493,5,0.12046749144792557,1,0.9022464752197266,0.6569591164588928
48,0.9934841990470886,5,0.11822409927845001,1,0.8987029194831848,0.6972945928573608
49,0.9935770034790039,5,0.11791782081127167,1,0.8909513354301453,0.7801796197891235
50,0.9934388399124146,5,0.1178262010216713,1,0.9004820585250854,0.6600664854049683
51,0.9939170479774475,5,0.11545700579881668,1,0.8980968594551086,0.6659136414527893
52,0.9939752221107483,5,0.11497872322797775,1,0.8975765109062195,0.6589354872703552
53,0.9942541718482971,5,0.11234210431575775,1,0.9023860692977905,0.6933412551879883
54,0.9940750002861023,5,0.11370602250099182,1,0.8950580954551697,0.8568033576011658
55,0.9941889047622681,5,0.11355050653219223,1,0.9049832820892334,0.6734036803245544
56,0.9946391582489014,5,0.10943280905485153,1,0.8983247876167297,0.712626576423645
57,0.9942528009414673,5,0.11278118938207626,1,0.8998250961303711,0.6794930696487427
58,0.9952011704444885,5,0.10640010982751846,1,0.8948939442634583,0.7772396206855774
59,0.9951075911521912,5,0.10739827901124954,1,0.8965425491333008,0.7198710441589355
60,0.9948842525482178,5,0.10771597176790237,1,0.8952550888061523,0.7417269349098206
61,0.9950024485588074,5,0.106349416077137,1,0.89064621925354,0.7845711708068848
62,0.995276153087616,5,0.10490348935127258,1,0.8961031436920166,0.6247064471244812
63,0.995468020439148,5,0.10466229170560837,1,0.9007785320281982,0.6862321496009827
64,0.9955980181694031,5,0.1022472009062767,1,0.8974733948707581,0.7062229514122009
65,0.9956337809562683,5,0.10203403979539871,1,0.8960313200950623,0.757695734500885
66,0.9954608678817749,5,0.10352243483066559,1,0.8878369331359863,0.7967264652252197
67,0.9957323670387268,5,0.1004105880856514,1,0.8945407867431641,0.8147457242012024
68,0.9957945942878723,5,0.10086215287446976,1,0.903965413570404,0.6591076850891113
69,0.9956833720207214,5,0.10184100270271301,1,0.9031316041946411,0.6442122459411621
70,0.9960483908653259,5,0.09957612305879593,1,0.8944728970527649,0.8023778796195984
71,0.9959918856620789,5,0.09978359937667847,1,0.899505078792572,0.726348876953125
72,0.9961296916007996,5,0.09778828918933868,1,0.9051249027252197,0.6326233744621277
73,0.9963045716285706,5,0.09757684171199799,1,0.8945410251617432,0.7083569169044495
74,0.9958778023719788,5,0.09931723773479462,1,0.8882037401199341,0.78024822473526
75,0.9964485764503479,5,0.09492190927267075,1,0.8936404585838318,0.7957941293716431
76,0.9965832829475403,5,0.0948958620429039,1,0.8954025506973267,0.7442157864570618
77,0.9961948394775391,5,0.09613946825265884,1,0.8991182446479797,0.6625578999519348
78,0.9963422417640686,5,0.09711074829101562,1,0.8964374661445618,0.7386611700057983
79,0.9966369271278381,5,0.09288419038057327,1,0.8999456167221069,0.7039531469345093
80,0.9963624477386475,5,0.0954616591334343,1,0.8910780549049377,0.7977082133293152
81,0.996647298336029,5,0.09344379603862762,1,0.8968287706375122,0.710151731967926
82,0.9966684579849243,5,0.09350937604904175,1,0.897040069103241,0.7304845452308655
83,0.9967929720878601,5,0.0938117727637291,1,0.8893150687217712,0.814595103263855
84,0.996631920337677,5,0.09315747022628784,1,0.8968748450279236,0.6997073888778687
85,0.9968116879463196,5,0.09188113361597061,1,0.8948007225990295,0.73259437084198
86,0.9967430830001831,5,0.09268104285001755,1,0.8976384401321411,0.6978098154067993
87,0.9970250129699707,5,0.08884312957525253,1,0.8911725282669067,0.8218741416931152
88,0.9970247149467468,5,0.09062288701534271,1,0.900097668170929,0.6821129322052002
89,0.9968714714050293,5,0.09086354076862335,1,0.8971632122993469,0.743918776512146
90,0.9970773458480835,5,0.09023500233888626,1,0.8923403024673462,0.7402944564819336
91,0.997320830821991,5,0.08581674844026566,1,0.890074610710144,0.792783260345459
92,0.996945858001709,5,0.09036572277545929,1,0.8920139074325562,0.771243691444397
93,0.9969890117645264,5,0.08891989290714264,1,0.8901061415672302,0.8220180869102478
94,0.9971149563789368,5,0.0874960646033287,1,0.8931006193161011,0.8409016728401184
95,0.9968476891517639,5,0.08939025551080704,1,0.8871581554412842,0.7862589955329895
96,0.9972789883613586,5,0.08672478049993515,1,0.8922016024589539,0.7328588962554932
97,0.9975111484527588,5,0.08442693948745728,1,0.8874003887176514,0.7841886878013611
98,0.997460126876831,5,0.08541066199541092,1,0.8941928744316101,0.7845768332481384
99,0.9971609711647034,5,0.08764858543872833,1,0.89603191614151,0.7174753546714783
0,0.8548633456230164,1,0.470833420753479,2,0.8909443020820618,0.41850873827934265
1,0.8970949053764343,1,0.40206050872802734,2,0.9036833047866821,0.4021822512149811
2,0.9124540686607361,1,0.37238171696662903,2,0.9103504419326782,0.3826461732387543
3,0.921404242515564,1,0.353040874004364,2,0.9141234755516052,0.3821136951446533
4,0.9282435178756714,1,0.3379961848258972,2,0.9153298735618591,0.3637109398841858
5,0.9341666102409363,1,0.3239065706729889,2,0.9191674590110779,0.36224135756492615
6,0.9392621517181396,1,0.3114655315876007,2,0.9225168824195862,0.36525022983551025
7,0.943739652633667,1,0.29982805252075195,2,0.9178555607795715,0.38231831789016724
8,0.9478555917739868,1,0.2885722815990448,2,0.9207764863967896,0.35317784547805786
9,0.9514641761779785,1,0.27907121181488037,2,0.9234189391136169,0.36029502749443054
10,0.9559000134468079,1,0.26727694272994995,2,0.9238884449005127,0.35571590065956116
11,0.9590379595756531,1,0.25804007053375244,2,0.9213913083076477,0.3751145005226135
12,0.9621708393096924,1,0.24838607013225555,2,0.9153160452842712,0.4161874055862427
13,0.9645969867706299,1,0.24078191816806793,2,0.9190552830696106,0.3901379108428955
14,0.9666524529457092,1,0.23513378202915192,2,0.9199362993240356,0.36732935905456543
15,0.9696500897407532,1,0.22519701719284058,2,0.9196106791496277,0.3893774449825287
16,0.9715620279312134,1,0.21823027729988098,2,0.9178195595741272,0.43622955679893494
17,0.9737462997436523,1,0.2105579972267151,2,0.9146211743354797,0.4234124422073364
18,0.9754035472869873,1,0.20511391758918762,2,0.9191492795944214,0.43402916193008423
19,0.9770772457122803,1,0.1989143341779709,2,0.9077205657958984,0.4674811363220215
20,0.9783168435096741,1,0.19396299123764038,2,0.9107506275177002,0.46997031569480896
21,0.9800060987472534,1,0.18707898259162903,2,0.9106235504150391,0.5009205937385559
22,0.9813156127929688,1,0.18219083547592163,2,0.915198028087616,0.4688471853733063
23,0.9816966652870178,1,0.18016812205314636,2,0.9115065932273865,0.51386958360672
24,0.9826692938804626,1,0.1762494593858719,2,0.9098760485649109,0.49924343824386597
25,0.9832717776298523,1,0.17395055294036865,2,0.9095727205276489,0.5835155844688416
26,0.984352707862854,1,0.1691761314868927,2,0.914191722869873,0.4971214532852173
27,0.9846652746200562,1,0.16740021109580994,2,0.9134740829467773,0.5045745968818665
28,0.9857833981513977,1,0.16182632744312286,2,0.9043819904327393,0.5416505932807922
29,0.9865493774414062,1,0.15879301726818085,2,0.9072914719581604,0.6073430776596069
30,0.9870786070823669,1,0.1571601778268814,2,0.9060067534446716,0.5493707060813904
31,0.987860918045044,1,0.15186797082424164,2,0.9058018922805786,0.5579915046691895
32,0.9877604246139526,1,0.15241385996341705,2,0.9080314040184021,0.54207444190979
33,0.9884265065193176,1,0.14972807466983795,2,0.9085045456886292,0.5185375213623047
34,0.988681972026825,1,0.14750732481479645,2,0.904223620891571,0.5351061224937439
35,0.9889746308326721,1,0.14673177897930145,2,0.904086172580719,0.5545998215675354
36,0.9897069334983826,1,0.14171813428401947,2,0.8982295393943787,0.6438830494880676
37,0.9900115728378296,1,0.1408815234899521,2,0.904117226600647,0.6086722016334534
38,0.9906522631645203,1,0.1372421830892563,2,0.9052071571350098,0.6058846116065979
39,0.9907116889953613,1,0.13652747869491577,2,0.8959351778030396,0.7218350172042847
40,0.9909015893936157,1,0.13607938587665558,2,0.9070006608963013,0.5921938419342041
41,0.9912620782852173,1,0.13411720097064972,2,0.9018654823303223,0.6454148292541504
42,0.9913451671600342,1,0.13310469686985016,2,0.903037965297699,0.6313283443450928
43,0.9923516511917114,1,0.1266181766986847,2,0.9028928875923157,0.5694241523742676
44,0.9922809600830078,1,0.12745575606822968,2,0.8975051641464233,0.6774152517318726
45,0.9924867749214172,1,0.12571218609809875,2,0.8971033692359924,0.8131815791130066
46,0.9922083616256714,1,0.12724286317825317,2,0.8991319537162781,0.6461824774742126
47,0.9928519129753113,1,0.12346787005662918,2,0.8986679911613464,0.6923245191574097
48,0.9929635524749756,1,0.12191551178693771,2,0.8936877846717834,0.6286084651947021
49,0.9926751255989075,1,0.12554870545864105,2,0.9003010988235474,0.6420341730117798
50,0.9934039115905762,1,0.11973690241575241,2,0.8981044292449951,0.6844918131828308
51,0.9935438632965088,1,0.11721473187208176,2,0.8980710506439209,0.6933123469352722
52,0.9937090277671814,1,0.11816328763961792,2,0.8997501730918884,0.7729409337043762
53,0.9937806129455566,1,0.11799030750989914,2,0.8974977135658264,0.672194242477417
54,0.994103193283081,1,0.11481812596321106,2,0.8928930163383484,0.7393160462379456
55,0.9940720796585083,1,0.11494747549295425,2,0.8954145908355713,0.7327324151992798
56,0.9944882392883301,1,0.1123405322432518,2,0.8983129858970642,0.6574200391769409
57,0.9942160844802856,1,0.11449096351861954,2,0.8935993909835815,0.7654621005058289
58,0.9947076439857483,1,0.11004656553268433,2,0.8973339796066284,0.7576167583465576
59,0.994766116142273,1,0.11054204404354095,2,0.8895203471183777,0.8048401474952698
60,0.9948145151138306,1,0.10960140824317932,2,0.9008272886276245,0.6708328723907471
61,0.9949629902839661,1,0.10760567337274551,2,0.8917793035507202,0.7473864555358887
62,0.9948229789733887,1,0.10961528867483139,2,0.894941508769989,0.673486590385437
63,0.9952988028526306,1,0.10593312978744507,2,0.8922163248062134,0.8417686820030212
64,0.9951576590538025,1,0.10749513655900955,2,0.8985753655433655,0.7410380840301514
65,0.9952401518821716,1,0.10519607365131378,2,0.8946514129638672,0.717041552066803
66,0.9954648017883301,1,0.10520370304584503,2,0.8912352919578552,0.7370009422302246
67,0.9955649971961975,1,0.10360074043273926,2,0.8963905572891235,0.7845190167427063
68,0.9956250786781311,1,0.10339432954788208,2,0.8942385911941528,0.8595765233039856
69,0.9957842230796814,1,0.10239163786172867,2,0.8891116380691528,0.8296984434127808
70,0.9958314895629883,1,0.10069344192743301,2,0.8959726691246033,0.7147232890129089
71,0.9957544207572937,1,0.10215889662504196,2,0.8958601951599121,0.7489060759544373
72,0.996046781539917,1,0.09903950989246368,2,0.8923414945602417,0.8106997609138489
73,0.9958996772766113,1,0.1009702980518341,2,0.8956738710403442,0.7939453125
74,0.9960431456565857,1,0.09904322773218155,2,0.895340085029602,0.6988555788993835
75,0.9963375329971313,1,0.0972488597035408,2,0.8971861004829407,0.7995578646659851
76,0.9961743354797363,1,0.09916137903928757,2,0.8927816152572632,0.7112265825271606
77,0.996055543422699,1,0.09806370735168457,2,0.8921394944190979,0.7962155342102051
78,0.996294379234314,1,0.09779766201972961,2,0.894904613494873,0.7383520007133484
79,0.9962379932403564,1,0.09691092371940613,2,0.8900105357170105,0.754838228225708
80,0.9964120984077454,1,0.09683871269226074,2,0.8900989294052124,0.7873942852020264
81,0.9967715740203857,1,0.09381794184446335,2,0.8913357853889465,0.7646430134773254
82,0.9967440366744995,1,0.09388028085231781,2,0.8873984813690186,0.7776255011558533
83,0.9966699481010437,1,0.09446793049573898,2,0.8933332562446594,0.8268573880195618
84,0.9968206882476807,1,0.0922597348690033,2,0.8943222761154175,0.7707099914550781
85,0.9966816902160645,1,0.09274084866046906,2,0.8865188956260681,0.7937948107719421
86,0.9970858693122864,1,0.08958901464939117,2,0.8970833420753479,0.7057344913482666
87,0.996849536895752,1,0.09128148853778839,2,0.8886827230453491,0.8254715800285339
88,0.9968628287315369,1,0.09246619790792465,2,0.8949569463729858,0.7633947730064392
89,0.9969196319580078,1,0.09224338829517365,2,0.8976414203643799,0.7451366782188416
90,0.9971403479576111,1,0.08880513906478882,2,0.8932226300239563,0.695941150188446
91,0.9972419142723083,1,0.08863143622875214,2,0.8941776752471924,0.9035856127738953
92,0.9970828890800476,1,0.08962499350309372,2,0.891823947429657,0.8159142732620239
93,0.9970507025718689,1,0.08963251113891602,2,0.8954315781593323,0.7369250059127808
94,0.9972337484359741,1,0.08732857555150986,2,0.8882486820220947,0.8594182729721069
95,0.9970898032188416,1,0.08906213194131851,2,0.893710196018219,0.766629695892334
96,0.9973005652427673,1,0.08814918249845505,2,0.888278603553772,0.8247936367988586
97,0.9970721006393433,1,0.08845009654760361,2,0.8882607221603394,0.8174238204956055
98,0.9973858594894409,1,0.08608152717351913,2,0.8923112750053406,0.7944620251655579
99,0.9973508715629578,1,0.08681569993495941,2,0.8926663398742676,0.7574281096458435
0,0.8498231172561646,2,0.4751897156238556,2,0.8944787383079529,0.41494834423065186
1,0.8948383331298828,2,0.40499138832092285,2,0.9067260026931763,0.40080320835113525
2,0.9108263850212097,2,0.37499454617500305,2,0.9157346487045288,0.37497496604919434
3,0.9191937446594238,2,0.35688304901123047,2,0.9200053811073303,0.3579617142677307
4,0.925744891166687,2,0.34161293506622314,2,0.9180649518966675,0.37419629096984863
5,0.9332101345062256,2,0.32519614696502686,2,0.9219533801078796,0.35351166129112244
6,0.9372498989105225,2,0.3152230978012085,2,0.9256633520126343,0.34982502460479736
7,0.9414026737213135,2,0.30465152859687805,2,0.9269312024116516,0.34379157423973083
8,0.9457244277000427,2,0.293327659368515,2,0.9293715953826904,0.3432930111885071
9,0.950634777545929,2,0.28083252906799316,2,0.9258581399917603,0.3569313585758209
10,0.9536409974098206,2,0.27237218618392944,2,0.9291789531707764,0.3484998941421509
11,0.9572039842605591,2,0.2626933455467224,2,0.925464391708374,0.36793121695518494
12,0.9604803919792175,2,0.2531817555427551,2,0.930520236492157,0.3481576144695282
13,0.9628719687461853,2,0.24578766524791718,2,0.9281461834907532,0.3665529489517212
14,0.9658842086791992,2,0.23683318495750427,2,0.9254785180091858,0.3778385818004608
15,0.9687269926071167,2,0.22734318673610687,2,0.924415111541748,0.3898754417896271
16,0.9708175659179688,2,0.2202945053577423,2,0.920998215675354,0.39130234718322754
17,0.9726303219795227,2,0.2140672653913498,2,0.9135520458221436,0.4268883168697357
18,0.9740797281265259,2,0.20881523191928864,2,0.9243584871292114,0.4192102253437042
19,0.9762717485427856,2,0.20131844282150269,2,0.9194095730781555,0.4589185416698456
20,0.9781845211982727,2,0.19433557987213135,2,0.9196314215660095,0.4363931119441986
21,0.9790412783622742,2,0.19023604691028595,2,0.9174416065216064,0.4473656415939331
22,0.9801827073097229,2,0.18594536185264587,2,0.9215051531791687,0.4635271728038788
23,0.9815805554389954,2,0.18020027875900269,2,0.9183677434921265,0.44045892357826233
24,0.982623815536499,2,0.1759679615497589,2,0.9163939952850342,0.48040521144866943
25,0.9833176136016846,2,0.1735236644744873,2,0.915338933467865,0.5188704133033752
26,0.9839555025100708,2,0.17021526396274567,2,0.9117770195007324,0.46201249957084656
27,0.9846171140670776,2,0.1678682118654251,2,0.9125441312789917,0.5077401995658875
28,0.9854164719581604,2,0.16446548700332642,2,0.9069094061851501,0.49718061089515686
29,0.9862623810768127,2,0.15933780372142792,2,0.9075189232826233,0.4924444556236267
30,0.9867805242538452,2,0.15746209025382996,2,0.9089977145195007,0.525894284248352
31,0.9876167178153992,2,0.15260785818099976,2,0.9115467667579651,0.5401339530944824
32,0.9880573749542236,2,0.15030315518379211,2,0.9130374789237976,0.6031211614608765
33,0.9884150624275208,2,0.14908196032047272,2,0.9042977690696716,0.588536262512207
34,0.9888667464256287,2,0.1464640200138092,2,0.9156872034072876,0.5189933776855469
35,0.9899089336395264,2,0.14179323613643646,2,0.9116916060447693,0.5811973214149475
36,0.989992618560791,2,0.14032487571239471,2,0.8962182402610779,0.6007554531097412
37,0.9902920722961426,2,0.13886193931102753,2,0.9080994129180908,0.6565021872520447
38,0.9904584884643555,2,0.1380973607301712,2,0.9138022065162659,0.5158448219299316
39,0.9911608099937439,2,0.13435517251491547,2,0.9040854573249817,0.588010311126709
40,0.9911970496177673,2,0.13388435542583466,2,0.9049457907676697,0.6086092591285706
41,0.9917020797729492,2,0.12999622523784637,2,0.897739589214325,0.5994587540626526
42,0.9917038679122925,2,0.13097698986530304,2,0.9024344086647034,0.6334205269813538
43,0.9923301339149475,2,0.1259058564901352,2,0.8968599438667297,0.6830810904502869
44,0.9926103949546814,2,0.12458328902721405,2,0.9053927659988403,0.6065838932991028
45,0.9924425482749939,2,0.12648317217826843,2,0.9012345671653748,0.6283312439918518
46,0.9929848909378052,2,0.12193702906370163,2,0.9002067446708679,0.6794683933258057
47,0.9927617311477661,2,0.12335435301065445,2,0.896946370601654,0.7111669182777405
48,0.9932418465614319,2,0.12094641476869583,2,0.8948723673820496,0.7010075449943542
49,0.9929652810096741,2,0.12262925505638123,2,0.9067644476890564,0.5521688461303711
50,0.993944525718689,2,0.1157132014632225,2,0.9016517996788025,0.6173152327537537
51,0.9933743476867676,2,0.12039738893508911,2,0.9093161821365356,0.5783960819244385
52,0.9941374063491821,2,0.11437200009822845,2,0.9029164910316467,0.6249738335609436
53,0.9941552877426147,2,0.11373554170131683,2,0.8894335031509399,0.7540792226791382
54,0.994178295135498,2,0.11359049379825592,2,0.9040159583091736,0.652802586555481
55,0.9945549368858337,2,0.11138864606618881,2,0.8949781060218811,0.7657123804092407
56,0.9946318864822388,2,0.11032199114561081,2,0.9063575267791748,0.6857284903526306
57,0.9944160580635071,2,0.11166567355394363,2,0.9039057493209839,0.6917177438735962
58,0.9948984980583191,2,0.10892204195261002,2,0.8993024230003357,0.7644017934799194
59,0.9949495792388916,2,0.10767374187707901,2,0.8971211910247803,0.7580695748329163
60,0.9949206113815308,2,0.10803408175706863,2,0.902930736541748,0.6698159575462341
61,0.9951282143592834,2,0.10657399892807007,2,0.9029108881950378,0.5962960124015808
62,0.9952703714370728,2,0.10488223284482956,2,0.8947722911834717,0.7044976949691772
63,0.9952111840248108,2,0.10535982251167297,2,0.894462525844574,0.7834630608558655
64,0.995515763759613,2,0.10314767062664032,2,0.8910709619522095,0.8544042706489563
65,0.9953050017356873,2,0.1056436225771904,2,0.9000905752182007,0.6785709261894226
66,0.9956092834472656,2,0.10193077474832535,2,0.8979572653770447,0.7617982625961304
67,0.9954174160957336,2,0.10465920716524124,2,0.8996278643608093,0.70947265625
68,0.9959776401519775,2,0.0994374230504036,2,0.8962698578834534,0.7459222674369812
69,0.9959167838096619,2,0.10015379637479782,2,0.8967954516410828,0.675704300403595
70,0.9960643649101257,2,0.09961759299039841,2,0.899246871471405,0.6824368238449097
71,0.9963188767433167,2,0.0961730033159256,2,0.897668182849884,0.7301326394081116
72,0.995995044708252,2,0.10037142783403397,2,0.8984488844871521,0.6315722465515137
73,0.9962957501411438,2,0.09608481079339981,2,0.8970974683761597,0.7275511026382446
74,0.9962137937545776,2,0.09796266257762909,2,0.8947532176971436,0.8183412551879883
75,0.9962072372436523,2,0.09639233350753784,2,0.8957384824752808,0.7718071937561035
76,0.99629145860672,2,0.09615044295787811,2,0.8972970843315125,0.704183042049408
77,0.9964652061462402,2,0.09498371183872223,2,0.8905670642852783,0.8727949261665344
78,0.9965152740478516,2,0.09551500529050827,2,0.8877989053726196,0.83985835313797
79,0.9968693256378174,2,0.09265072643756866,2,0.893484354019165,0.8045228719711304
80,0.9966751337051392,2,0.09137925505638123,2,0.8955252170562744,0.716227114200592
81,0.9966539740562439,2,0.09320887923240662,2,0.894263505935669,0.7270253896713257
82,0.9966524839401245,2,0.09239886701107025,2,0.8979940414428711,0.7504507303237915
83,0.9967259168624878,2,0.09263867884874344,2,0.9002381563186646,0.7240265607833862
84,0.9967851638793945,2,0.09266248345375061,2,0.8951446413993835,0.713655412197113
85,0.9969928860664368,2,0.09030477702617645,2,0.8902694582939148,0.8129233717918396
86,0.9966975450515747,2,0.0913378968834877,2,0.9046550393104553,0.6856575608253479
87,0.996896505355835,2,0.09031443297863007,2,0.9016103744506836,0.6636130213737488
88,0.9970657825469971,2,0.08906944841146469,2,0.8891160488128662,0.7997660040855408
89,0.997088611125946,2,0.08979474753141403,2,0.9020248055458069,0.6484369039535522
90,0.9971417784690857,2,0.08732713013887405,2,0.8918061852455139,0.78403639793396
91,0.9970320463180542,2,0.08946820348501205,2,0.8972622752189636,0.685846209526062
92,0.9972935914993286,2,0.08621947467327118,2,0.8877294659614563,0.7895076870918274
93,0.9972385764122009,2,0.08809565007686615,2,0.8919664025306702,0.7494542598724365
94,0.997064471244812,2,0.08744996786117554,2,0.9026278257369995,0.6835924386978149
95,0.9970877766609192,2,0.08879072219133377,2,0.8900318741798401,0.854121208190918
96,0.9973398447036743,2,0.0867903083562851,2,0.8895764350891113,0.7970583438873291
97,0.997268795967102,2,0.08658424019813538,2,0.8911335468292236,0.7730723023414612
98,0.9972972869873047,2,0.08658820390701294,2,0.8916414976119995,0.765114426612854
99,0.9973185062408447,2,0.08620642125606537,2,0.8965381383895874,0.7553132176399231
0,0.8524867296218872,3,0.4701433777809143,2,0.8840223550796509,0.42403262853622437
1,0.8975111842155457,3,0.40012890100479126,2,0.8993418216705322,0.39526453614234924
2,0.9134819507598877,3,0.36982250213623047,2,0.9073556065559387,0.3799852430820465
3,0.9227598905563354,3,0.35031506419181824,2,0.9077590107917786,0.3865297734737396
4,0.9293559193611145,3,0.3355962038040161,2,0.9148082137107849,0.3682621121406555
5,0.9345719814300537,3,0.3224356472492218,2,0.9195128083229065,0.35388806462287903
6,0.9404149651527405,3,0.3082337975502014,2,0.9189596176147461,0.3595826029777527
7,0.9440480470657349,3,0.2986134886741638,2,0.9223970174789429,0.3505706191062927
8,0.9488557577133179,3,0.2859642803668976,2,0.9222796559333801,0.3616184592247009
9,0.9525158405303955,3,0.2753090262413025,2,0.9222872853279114,0.35134589672088623
10,0.9560322165489197,3,0.26578396558761597,2,0.9235197901725769,0.36220216751098633
11,0.9594940543174744,3,0.2551823556423187,2,0.9213554263114929,0.3806976079940796
12,0.9609842896461487,3,0.25119656324386597,2,0.9229347109794617,0.3629343509674072
13,0.9647917747497559,3,0.23888865113258362,2,0.9138131141662598,0.37773415446281433
14,0.9666377902030945,3,0.23325227200984955,2,0.919672429561615,0.3878897428512573
15,0.9695199728012085,3,0.22422996163368225,2,0.9216473698616028,0.40386900305747986
16,0.9717111587524414,3,0.21657821536064148,2,0.9172132015228271,0.4089004099369049
17,0.9727187752723694,3,0.2129088044166565,2,0.9174319505691528,0.40238168835639954
18,0.9742873311042786,3,0.20752912759780884,2,0.9201608300209045,0.4130287170410156
19,0.9765440821647644,3,0.19997048377990723,2,0.9144617915153503,0.43647879362106323
20,0.9777030348777771,3,0.19451729953289032,2,0.9123227000236511,0.4799846410751343
21,0.9791620373725891,3,0.18923281133174896,2,0.914201557636261,0.4520587921142578
22,0.9807125926017761,3,0.18279419839382172,2,0.9124440550804138,0.5019556879997253
23,0.9808376431465149,3,0.18269041180610657,2,0.9145394563674927,0.4446810781955719
24,0.9823316335678101,3,0.17657794058322906,2,0.9136658906936646,0.49706339836120605
25,0.9833254814147949,3,0.17156055569648743,2,0.9112635850906372,0.5722075700759888
26,0.9837778210639954,3,0.1699715405702591,2,0.9115344285964966,0.5447397232055664
27,0.9849210381507874,3,0.16513699293136597,2,0.9130479693412781,0.5073705911636353
28,0.9857991933822632,3,0.16076412796974182,2,0.91487056016922,0.4770606458187103
29,0.9859530925750732,3,0.15969659388065338,2,0.9112217426300049,0.4908864200115204
30,0.9871170520782471,3,0.15458598732948303,2,0.9071589708328247,0.535599946975708
31,0.9875016212463379,3,0.1521218717098236,2,0.9040155410766602,0.6401483416557312
32,0.9880335330963135,3,0.15060420334339142,2,0.909319281578064,0.5938977599143982
33,0.9884308576583862,3,0.14790591597557068,2,0.9059619903564453,0.6169284582138062
34,0.9889599680900574,3,0.14538542926311493,2,0.9069623947143555,0.5845766663551331
35,0.989246129989624,3,0.14257845282554626,2,0.9078437089920044,0.5337618589401245
36,0.9896663427352905,3,0.14084842801094055,2,0.9033162593841553,0.5371809005737305
37,0.990088939666748,3,0.13843727111816406,2,0.9038993716239929,0.5400169491767883
38,0.9902307391166687,3,0.13801033794879913,2,0.9065453410148621,0.6179050207138062
39,0.9906711578369141,3,0.13575419783592224,2,0.9044753313064575,0.5998756885528564
40,0.9910066723823547,3,0.13373114168643951,2,0.9065139889717102,0.5498281717300415
41,0.9912525415420532,3,0.13087871670722961,2,0.9036162495613098,0.5611061453819275
42,0.9915368556976318,3,0.130226269364357,2,0.8997810482978821,0.6738342642784119
43,0.9917264580726624,3,0.1278049498796463,2,0.9004848003387451,0.710705578327179
44,0.9919998645782471,3,0.12793803215026855,2,0.8977890014648438,0.7659462690353394
45,0.9923238754272461,3,0.12458190321922302,2,0.899691641330719,0.6759642958641052
46,0.9925245642662048,3,0.12405741959810257,2,0.9009564518928528,0.6416846513748169
47,0.9931051731109619,3,0.11966437846422195,2,0.9076440930366516,0.5951105952262878
48,0.9926796555519104,3,0.12222408503293991,2,0.9077193737030029,0.6002607941627502
49,0.9931962490081787,3,0.11883572489023209,2,0.9029966592788696,0.6390185952186584
50,0.9934650659561157,3,0.11785877496004105,2,0.9018526077270508,0.5878389477729797
51,0.9936586618423462,3,0.11655658483505249,2,0.8907015323638916,0.8195512890815735
52,0.9934439063072205,3,0.11740851402282715,2,0.8975557088851929,0.6640209555625916
53,0.9938293695449829,3,0.11431808024644852,2,0.900501549243927,0.6967509984970093
54,0.9940354824066162,3,0.1137486919760704,2,0.8956055045127869,0.7177559733390808
55,0.9940949082374573,3,0.11263993382453918,2,0.9005678296089172,0.617379903793335
56,0.9942627549171448,3,0.11180853843688965,2,0.899708092212677,0.7418486475944519
57,0.994530200958252,3,0.11020659655332565,2,0.9015994668006897,0.7320231795310974
58,0.9945042133331299,3,0.10980131477117538,2,0.8974388241767883,0.6902338862419128
59,0.9945991635322571,3,0.10967124253511429,2,0.9005963206291199,0.644507110118866
60,0.9948282241821289,3,0.10737234354019165,2,0.9003870487213135,0.6890722513198853
61,0.9948150515556335,3,0.10797062516212463,2,0.895518958568573,0.761681318283081
62,0.9954910278320312,3,0.1033143550157547,2,0.8931486010551453,0.752212643623352
63,0.995228111743927,3,0.10428161174058914,2,0.8948875069618225,0.7512021064758301
64,0.99532550573349,3,0.10389936715364456,2,0.8997978568077087,0.7220457196235657
65,0.9956018328666687,3,0.10180676728487015,2,0.8984677195549011,0.6550266146659851
66,0.9955258965492249,3,0.10194728523492813,2,0.9011386036872864,0.6810979843139648
67,0.9955517053604126,3,0.10167351365089417,2,0.8964526653289795,0.7363410592079163
68,0.9956520795822144,3,0.10178706794977188,2,0.8937339186668396,0.7809125185012817
69,0.9957087635993958,3,0.10116052627563477,2,0.8949946165084839,0.7561541795730591
70,0.9958085417747498,3,0.09996600449085236,2,0.8974539637565613,0.6841214299201965
71,0.9961391687393188,3,0.09764979034662247,2,0.8973098993301392,0.7780072093009949
72,0.9957024455070496,3,0.09981690347194672,2,0.9009108543395996,0.6728647947311401
73,0.9962246417999268,3,0.09601972997188568,2,0.8925666213035583,0.7539011836051941
74,0.9958166480064392,3,0.09946363419294357,2,0.8938990235328674,0.799856960773468
75,0.9963213205337524,3,0.09600326418876648,2,0.8911581039428711,0.7970550656318665
76,0.9961860179901123,3,0.0959080159664154,2,0.8933981657028198,0.7159307599067688
77,0.9960135221481323,3,0.09799538552761078,2,0.8984663486480713,0.7211048603057861
78,0.9964905381202698,3,0.09403209388256073,2,0.8932735323905945,0.7952584624290466
79,0.996468186378479,3,0.09439132362604141,2,0.8936078548431396,0.7374545335769653
80,0.9963864684104919,3,0.09436152875423431,2,0.8838792443275452,0.7643770575523376
81,0.9964589476585388,3,0.09349273890256882,2,0.8905553817749023,0.8003951907157898
82,0.9964529275894165,3,0.09317684173583984,2,0.8943361043930054,0.7254227995872498
83,0.9964646697044373,3,0.0925077423453331,2,0.8958562612533569,0.7441847324371338
84,0.9966853260993958,3,0.09242210537195206,2,0.885044515132904,0.8883845806121826
85,0.9968743324279785,3,0.09014701098203659,2,0.894008994102478,0.7259262204170227
86,0.9967085123062134,3,0.09053240716457367,2,0.8975905776023865,0.720583975315094
87,0.9965795874595642,3,0.09191486984491348,2,0.8851222991943359,0.7840768694877625
88,0.996957004070282,3,0.08937233686447144,2,0.8870967030525208,0.8664120435714722
89,0.9969849586486816,3,0.08887762576341629,2,0.8914236426353455,0.7692410349845886
90,0.997174084186554,3,0.0880785584449768,2,0.8911704421043396,0.7946031093597412
91,0.9969342350959778,3,0.08806047588586807,2,0.8934704661369324,0.7277765870094299
92,0.9969232082366943,3,0.08892325311899185,2,0.8990533947944641,0.7725793123245239
93,0.9969823956489563,3,0.0890779048204422,2,0.8827463984489441,0.7890676856040955
94,0.9970858097076416,3,0.08709099888801575,2,0.8898842334747314,0.792468249797821
95,0.9971567988395691,3,0.0865791067481041,2,0.8918449878692627,0.7958008646965027
96,0.997099757194519,3,0.08690459281206131,2,0.8901345133781433,0.7792530059814453
97,0.9972867965698242,3,0.0857464075088501,2,0.898903489112854,0.7266452312469482
98,0.9972290396690369,3,0.08550553023815155,2,0.8909843564033508,0.7543643116950989
99,0.9974102973937988,3,0.0851009339094162,2,0.889907956123352,0.8037421703338623
0,0.8477953672409058,4,0.4759902060031891,2,0.8830645084381104,0.42649126052856445
1,0.8943237662315369,4,0.4050631821155548,2,0.9079567790031433,0.3974781632423401
2,0.9109550714492798,4,0.3746127188205719,2,0.9111700057983398,0.3784644901752472
3,0.9198716282844543,4,0.35520699620246887,2,0.919577956199646,0.3624420166015625
4,0.9279858469963074,4,0.3373817503452301,2,0.9162148237228394,0.3668227791786194
5,0.9329508543014526,4,0.325135737657547,2,0.922421932220459,0.38281166553497314
6,0.9392210841178894,4,0.3101106286048889,2,0.9258115291595459,0.35608014464378357
7,0.9442968368530273,4,0.29766255617141724,2,0.9270642995834351,0.34599679708480835
8,0.9484871625900269,4,0.28631407022476196,2,0.923227071762085,0.3716968297958374
9,0.9509128332138062,4,0.27850210666656494,2,0.9275485873222351,0.35441854596138
10,0.9551622271537781,4,0.2677712142467499,2,0.9257659912109375,0.3847185969352722
11,0.9589912295341492,4,0.2570398449897766,2,0.9259355664253235,0.3788644075393677
12,0.9617248177528381,4,0.24896128475666046,2,0.9193296432495117,0.40707018971443176
13,0.9639565348625183,4,0.24166181683540344,2,0.9241975545883179,0.3972025513648987
14,0.9668301343917847,4,0.2339964509010315,2,0.9217161536216736,0.41499951481819153
15,0.9690223336219788,4,0.22620508074760437,2,0.9246199131011963,0.4079335331916809
16,0.970664381980896,4,0.22079260647296906,2,0.9231621623039246,0.398063600063324
17,0.9730110168457031,4,0.2124907672405243,2,0.9171154499053955,0.45083245635032654
18,0.9745400547981262,4,0.2070208489894867,2,0.9230599999427795,0.4197903275489807
19,0.9764381051063538,4,0.20008057355880737,2,0.9206515550613403,0.49205920100212097
20,0.977776825428009,4,0.1957217901945114,2,0.9218170642852783,0.4462791979312897
21,0.9794230461120605,4,0.1887006163597107,2,0.9134308695793152,0.5386336445808411
22,0.9800049066543579,4,0.18644781410694122,2,0.914151668548584,0.4496355652809143
23,0.981408417224884,4,0.1811390072107315,2,0.916979968547821,0.5249760746955872
24,0.9823748469352722,4,0.1771235167980194,2,0.9180580973625183,0.5104974508285522
25,0.9832748770713806,4,0.1731770932674408,2,0.9170475602149963,0.47309595346450806
26,0.9844080805778503,4,0.16801463067531586,2,0.9160963892936707,0.4782988131046295
27,0.9851025938987732,4,0.16542287170886993,2,0.9141562581062317,0.4908997118473053
28,0.9856422543525696,4,0.16286411881446838,2,0.9062850475311279,0.5847914814949036
29,0.9865102767944336,4,0.15893329679965973,2,0.9063830971717834,0.5966246724128723
30,0.9871050715446472,4,0.15513911843299866,2,0.914245069026947,0.5209022164344788
31,0.9872766137123108,4,0.1544279158115387,2,0.9122952222824097,0.5791614651679993
32,0.9883307814598083,4,0.14947235584259033,2,0.904565155506134,0.5789951086044312
33,0.988359808921814,4,0.14858798682689667,2,0.9131792187690735,0.5572161674499512
34,0.9889116883277893,4,0.14594128727912903,2,0.9126765131950378,0.5962717533111572
35,0.989604115486145,4,0.1413486897945404,2,0.9073638916015625,0.6682653427124023
36,0.9898880124092102,4,0.1407005488872528,2,0.9108519554138184,0.6006051301956177
37,0.9902576208114624,4,0.13877293467521667,2,0.9126613140106201,0.5433778762817383
38,0.9903907179832458,4,0.13825984299182892,2,0.907979428768158,0.6166591048240662
39,0.9910386800765991,4,0.13395947217941284,2,0.9066643714904785,0.6916049122810364
40,0.990980863571167,4,0.13415955007076263,2,0.9041098952293396,0.5574990510940552
41,0.9917067885398865,4,0.13037611544132233,2,0.9033460021018982,0.6076341271400452
42,0.9917715191841125,4,0.12899620831012726,2,0.9084516167640686,0.6519036889076233
43,0.9918897151947021,4,0.1274387091398239,2,0.9069403409957886,0.6867985725402832
44,0.9922956228256226,4,0.12613077461719513,2,0.9094738960266113,0.6394297480583191
45,0.9927972555160522,4,0.12161879241466522,2,0.9020595550537109,0.6860669255256653
46,0.992570161819458,4,0.12412384152412415,2,0.905920684337616,0.6726254820823669
47,0.9930687546730042,4,0.12151388078927994,2,0.9052810072898865,0.7158535718917847
48,0.9934632778167725,4,0.1182391569018364,2,0.8993465304374695,0.6702003479003906
49,0.9933398962020874,4,0.11857891082763672,2,0.9037464261054993,0.7097776532173157
50,0.9936445355415344,4,0.1180242970585823,2,0.9047547578811646,0.6486102342605591
51,0.9931972026824951,4,0.12154301255941391,2,0.9045772552490234,0.6422894597053528
52,0.9939683079719543,4,0.11555702984333038,2,0.9022469520568848,0.6999676823616028
53,0.9941281676292419,4,0.11401785910129547,2,0.9027244448661804,0.7395375370979309
54,0.9943864345550537,4,0.11230524629354477,2,0.9005683660507202,0.6968251466751099
55,0.9946557879447937,4,0.11064259707927704,2,0.8986473679542542,0.7461151480674744
56,0.9945893883705139,4,0.11042129993438721,2,0.9060916900634766,0.6799236536026001
57,0.9946110844612122,4,0.11131338775157928,2,0.9012351632118225,0.6671100854873657
58,0.9945824146270752,4,0.1104588732123375,2,0.9105409383773804,0.623862087726593
59,0.9947474002838135,4,0.11053472757339478,2,0.9065375924110413,0.6242262721061707
60,0.9951703548431396,4,0.1055397316813469,2,0.8975966572761536,0.693022608757019
61,0.9947862029075623,4,0.10936547815799713,2,0.9049555659294128,0.6382659077644348
62,0.9951154589653015,4,0.10648715496063232,2,0.8987500071525574,0.6853312849998474
63,0.995643138885498,4,0.10243282467126846,2,0.896683394908905,0.7496176362037659
64,0.9958404302597046,4,0.10143426060676575,2,0.8932758569717407,0.8219677805900574
65,0.9953238368034363,4,0.10376479476690292,2,0.8984391093254089,0.7949564456939697
66,0.9958314299583435,4,0.10036601126194,2,0.8984659314155579,0.7794348001480103
67,0.9958193898200989,4,0.10138177126646042,2,0.8941513895988464,0.8041257858276367
68,0.9958551526069641,4,0.10086914896965027,2,0.8948302268981934,0.8659061789512634
69,0.9958261847496033,4,0.10137540102005005,2,0.9026479125022888,0.7855697870254517
70,0.9961811900138855,4,0.09745269268751144,2,0.9014406800270081,0.6795809268951416
71,0.9960624575614929,4,0.09801279008388519,2,0.8989032506942749,0.7429924607276917
72,0.9964634776115417,4,0.09513382613658905,2,0.8977862000465393,0.877840518951416
73,0.9961786866188049,4,0.09748988598585129,2,0.8936967253684998,0.7651194930076599
74,0.996070146560669,4,0.09782295674085617,2,0.8954704999923706,0.793597400188446
75,0.9963383078575134,4,0.09577304124832153,2,0.8935008645057678,0.7474361062049866
76,0.9965298175811768,4,0.09484361857175827,2,0.8969601988792419,0.716900110244751
77,0.9965413808822632,4,0.09445589780807495,2,0.8943760991096497,0.6919998526573181
78,0.9965665936470032,4,0.09481208771467209,2,0.897199273109436,0.774092435836792
79,0.996496856212616,4,0.09500109404325485,2,0.8964729309082031,0.6879976391792297
80,0.9968135952949524,4,0.09105057269334793,2,0.896975576877594,0.7396383285522461
81,0.9967330098152161,4,0.09247560054063797,2,0.8959618806838989,0.7599035501480103
82,0.9968235492706299,4,0.09103032201528549,2,0.8947495222091675,0.7838945984840393
83,0.9966495037078857,4,0.09243513643741608,2,0.8991474509239197,0.701357364654541
84,0.9965353608131409,4,0.09315336495637894,2,0.8904584646224976,0.8927223682403564
85,0.9966576099395752,4,0.09307263791561127,2,0.8958119750022888,0.7862740159034729
86,0.9970405697822571,4,0.08951386064291,2,0.8963868618011475,0.7263242602348328
87,0.9970729351043701,4,0.08954393863677979,2,0.8980046510696411,0.7594165802001953
88,0.9970067143440247,4,0.08813977986574173,2,0.9006521105766296,0.6792221069335938
89,0.9972288012504578,4,0.08678896725177765,2,0.8834990859031677,0.8167616724967957
90,0.9971283674240112,4,0.08849363774061203,2,0.8980848789215088,0.7907440066337585
91,0.9970310926437378,4,0.0888034775853157,2,0.8929529786109924,0.797572672367096
92,0.9970621466636658,4,0.08842504024505615,2,0.9046094417572021,0.673195481300354
93,0.9972768425941467,4,0.0864914059638977,2,0.8944612145423889,0.7786362767219543
94,0.9973758459091187,4,0.08642052114009857,2,0.8938295841217041,0.8322222232818604
95,0.9972584843635559,4,0.08729963004589081,2,0.9036951661109924,0.6549677848815918
96,0.9973849654197693,4,0.08495164662599564,2,0.895628809928894,0.7548983097076416
97,0.9972258806228638,4,0.08624222129583359,2,0.8974294662475586,0.7957803010940552
98,0.9973272085189819,4,0.08502989262342453,2,0.8888755440711975,0.810347318649292
99,0.9976006150245667,4,0.08472742140293121,2,0.8916176557540894,0.8368252515792847
0,0.8505633473396301,5,0.47192761301994324,2,0.8907540440559387,0.41598278284072876
1,0.8953533172607422,5,0.401982843875885,2,0.9062260389328003,0.38337624073028564
2,0.9109517931938171,5,0.3729245066642761,2,0.9131715297698975,0.3714241683483124
3,0.920270562171936,5,0.35377925634384155,2,0.9198700189590454,0.3585059344768524
4,0.9271491765975952,5,0.33846136927604675,2,0.9224711060523987,0.3501431941986084
5,0.9323520064353943,5,0.32574954628944397,2,0.924458920955658,0.3496834933757782
6,0.9373747706413269,5,0.31389009952545166,2,0.9263647198677063,0.3636637330055237
7,0.9417407512664795,5,0.3024122714996338,2,0.9248709678649902,0.3538950979709625
8,0.9463769793510437,5,0.2909631133079529,2,0.927042543888092,0.3538247346878052
9,0.9507409334182739,5,0.2800147235393524,2,0.9249871373176575,0.34874090552330017
10,0.9544383883476257,5,0.269194632768631,2,0.9308867454528809,0.352560818195343
11,0.958087146282196,5,0.2590051293373108,2,0.9279014468193054,0.37297073006629944
12,0.9615358114242554,5,0.24865488708019257,2,0.9261037707328796,0.3808010220527649
13,0.9636171460151672,5,0.2425905466079712,2,0.9283530712127686,0.3608540892601013
14,0.9659647345542908,5,0.23520499467849731,2,0.926603376865387,0.38606691360473633
15,0.9692015647888184,5,0.22481796145439148,2,0.926574170589447,0.39254918694496155
16,0.97120201587677,5,0.21846073865890503,2,0.9208362698554993,0.3925301432609558
17,0.9725943207740784,5,0.2132900208234787,2,0.922863245010376,0.43623438477516174
18,0.9750658869743347,5,0.2044530212879181,2,0.9231055378913879,0.42857038974761963
19,0.9762899279594421,5,0.1997959017753601,2,0.9228694438934326,0.46952447295188904
20,0.9780097007751465,5,0.19391879439353943,2,0.9240529537200928,0.4663105010986328
21,0.9793863296508789,5,0.18803910911083221,2,0.9235522747039795,0.445835143327713
22,0.980528712272644,5,0.18318036198616028,2,0.9210883975028992,0.45614978671073914
23,0.9819380044937134,5,0.17761331796646118,2,0.9170591831207275,0.45647698640823364
24,0.982973039150238,5,0.17355597019195557,2,0.9163702130317688,0.5060646533966064
25,0.9841766357421875,5,0.1682034134864807,2,0.9165225625038147,0.45508089661598206
26,0.9845396280288696,5,0.16723886132240295,2,0.9214706420898438,0.4846474826335907
27,0.9855362772941589,5,0.16202178597450256,2,0.9070523381233215,0.5775994062423706
28,0.9861173629760742,5,0.15886244177818298,2,0.9162836670875549,0.4890011250972748
29,0.9863041639328003,5,0.15886089205741882,2,0.9131162762641907,0.5417526364326477
30,0.987354576587677,5,0.15328192710876465,2,0.9133161306381226,0.535675048828125
31,0.9875761866569519,5,0.15159951150417328,2,0.9107235074043274,0.6067034006118774
32,0.9882007241249084,5,0.14890791475772858,2,0.917130172252655,0.5237635970115662
33,0.9890578985214233,5,0.1445353478193283,2,0.907585620880127,0.5549077987670898
34,0.9894014596939087,5,0.1428583562374115,2,0.915874719619751,0.5459379553794861
35,0.9900614619255066,5,0.13922163844108582,2,0.9107044339179993,0.5726804733276367
36,0.9898974299430847,5,0.13942749798297882,2,0.9121867418289185,0.5785912871360779
37,0.9907426238059998,5,0.13424332439899445,2,0.9085452556610107,0.6887691617012024
38,0.9909265041351318,5,0.13373664021492004,2,0.9023189544677734,0.6402617692947388
39,0.9910367727279663,5,0.1327858865261078,2,0.8963109254837036,0.6756957769393921
40,0.9914716482162476,5,0.13068442046642303,2,0.9038706421852112,0.6313970685005188
41,0.9914795756340027,5,0.1304827481508255,2,0.9080289602279663,0.6544784903526306
42,0.9918185472488403,5,0.12900249660015106,2,0.906332790851593,0.6793435215950012
43,0.9922716617584229,5,0.12588606774806976,2,0.9069285988807678,0.724251925945282
44,0.9922922849655151,5,0.12433826178312302,2,0.9069164991378784,0.6258682012557983
45,0.9927104711532593,5,0.12337052077054977,2,0.9091200828552246,0.6358423233032227
46,0.9931610226631165,5,0.11934448033571243,2,0.9050064086914062,0.6321843266487122
47,0.9930689334869385,5,0.12019182741641998,2,0.9140123724937439,0.5995262861251831
48,0.993471622467041,5,0.11773502081632614,2,0.9056811928749084,0.6310678124427795
49,0.9934533834457397,5,0.1168563961982727,2,0.9032520651817322,0.6924529075622559
50,0.9939280152320862,5,0.11435125023126602,2,0.9082655906677246,0.6758701205253601
51,0.9939603209495544,5,0.11420142650604248,2,0.8997021317481995,0.6238959431648254
52,0.9940760135650635,5,0.11298146843910217,2,0.9035558700561523,0.6446820497512817
53,0.9939807653427124,5,0.11388527601957321,2,0.9001273512840271,0.6820077300071716
54,0.9943312406539917,5,0.1112554743885994,2,0.9086645841598511,0.7025591731071472
55,0.9947666525840759,5,0.10878322273492813,2,0.8944427371025085,0.785082221031189
56,0.9945041537284851,5,0.11049062013626099,2,0.9004712104797363,0.6819533705711365
57,0.9945173263549805,5,0.10908505320549011,2,0.897758960723877,0.8015804290771484
58,0.994885265827179,5,0.10706893354654312,2,0.9014266729354858,0.6648283004760742
59,0.9950295090675354,5,0.10615025460720062,2,0.8993207812309265,0.7440425753593445
60,0.995073139667511,5,0.106113962829113,2,0.9061422348022461,0.7114514708518982
61,0.9951714277267456,5,0.10580065846443176,2,0.8908272385597229,0.9198303818702698
62,0.9954488277435303,5,0.10253870487213135,2,0.8970696330070496,0.8266813158988953
63,0.9952743649482727,5,0.1039416491985321,2,0.8983365297317505,0.7541884779930115
64,0.9955742955207825,5,0.10186365991830826,2,0.8981316089630127,0.7952782511711121
65,0.9955563545227051,5,0.10104233771562576,2,0.8965309858322144,0.8707708716392517
66,0.9957830309867859,5,0.09960213303565979,2,0.8930554389953613,0.986250638961792
67,0.9958162903785706,5,0.0997900739312172,2,0.8994754552841187,0.7930318117141724
68,0.99590003490448,5,0.09841786324977875,2,0.8948602080345154,0.8967021703720093
69,0.9959511756896973,5,0.09830790758132935,2,0.9047839641571045,0.6303812265396118
70,0.99606853723526,5,0.09908992052078247,2,0.8983421325683594,0.8256059885025024
71,0.9960130453109741,5,0.09834910929203033,2,0.8990371823310852,0.8522988557815552
72,0.9963448643684387,5,0.0957450270652771,2,0.8959246277809143,0.8028414249420166
73,0.9961177110671997,5,0.09649566560983658,2,0.8997553586959839,0.7368338704109192
74,0.9960241913795471,5,0.09677588939666748,2,0.9044972062110901,0.728223443031311
75,0.9964304566383362,5,0.09521085768938065,2,0.888688325881958,0.7813310027122498
76,0.9964308738708496,5,0.09388971328735352,2,0.902362048625946,0.7901200652122498
77,0.9965173006057739,5,0.09446127712726593,2,0.9025311470031738,0.6867443323135376
78,0.9966103434562683,5,0.09180948883295059,2,0.8965744972229004,0.786998450756073
79,0.9964145421981812,5,0.09278825670480728,2,0.8911694288253784,0.8282292485237122
80,0.9966888427734375,5,0.0901862308382988,2,0.8947716355323792,0.7903479933738708
81,0.9966346025466919,5,0.09151031076908112,2,0.8963122367858887,0.7707865834236145
82,0.9966534376144409,5,0.09148626029491425,2,0.8998318910598755,0.7340468764305115
83,0.9966727495193481,5,0.09077055752277374,2,0.8969703912734985,0.7998051643371582
84,0.9970142245292664,5,0.0892992615699768,2,0.8994897603988647,0.8068051338195801
85,0.9966863989830017,5,0.0918203592300415,2,0.9039183259010315,0.7673455476760864
86,0.9971569776535034,5,0.08771824091672897,2,0.8974332213401794,0.7849712371826172
87,0.9972175359725952,5,0.08694252371788025,2,0.8942034840583801,0.8244053721427917
88,0.9968230724334717,5,0.08978552371263504,2,0.903002917766571,0.7530208230018616
89,0.9971807599067688,5,0.08673106878995895,2,0.9025738835334778,0.7581732273101807
90,0.996990978717804,5,0.08855186402797699,2,0.9070887565612793,0.722329318523407
91,0.9970897436141968,5,0.08691128343343735,2,0.8994189500808716,0.7224703431129456
92,0.9973968863487244,5,0.08515831083059311,2,0.8957852125167847,0.9085726141929626
93,0.9970626831054688,5,0.08679438382387161,2,0.9019491076469421,0.7471105456352234
94,0.9972854256629944,5,0.0853024572134018,2,0.8952521085739136,0.7268644571304321
95,0.9973164200782776,5,0.08499399572610855,2,0.9025889039039612,0.7542561292648315
96,0.9971458315849304,5,0.08580540120601654,2,0.9004455208778381,0.840361475944519
97,0.9975285530090332,5,0.08350128680467606,2,0.8960700631141663,0.8200302124023438
98,0.9973564743995667,5,0.08629494160413742,2,0.898726224899292,0.7294844388961792
99,0.9975250363349915,5,0.08327654749155045,2,0.893153727054596,0.785743236541748
