epoch,fold,loss,mae,repeat,val_loss,val_mae
0,1,0.48271268606185913,0.43819767236709595,1,0.3426992893218994,0.30338773131370544
1,1,0.31796786189079285,0.28026965260505676,1,0.3399871289730072,0.3035988509654999
2,1,0.28214675188064575,0.24671964347362518,1,0.2840978801250458,0.24954979121685028
3,1,0.26297861337661743,0.2291606366634369,1,0.26653358340263367,0.23340775072574615
4,1,0.2466491013765335,0.21410416066646576,1,0.25088605284690857,0.2188960313796997
5,1,0.23379066586494446,0.20225457847118378,1,0.2477549910545349,0.21665553748607635
6,1,0.22307367622852325,0.19234438240528107,1,0.23681990802288055,0.2064526379108429
7,1,0.21226632595062256,0.18220211565494537,1,0.23229289054870605,0.20252542197704315
8,1,0.20469331741333008,0.1751878261566162,1,0.22498521208763123,0.195743590593338
9,1,0.19673635065555573,0.16770905256271362,1,0.2250838428735733,0.196273073554039
10,1,0.18951168656349182,0.16087369620800018,1,0.22938378155231476,0.20093238353729248
11,1,0.18432074785232544,0.1560022234916687,1,0.22952024638652802,0.20132677257061005
12,1,0.1782594472169876,0.15018409490585327,1,0.21919307112693787,0.19123230874538422
13,1,0.171661376953125,0.14380007982254028,1,0.2129778414964676,0.18521790206432343
14,1,0.16603222489356995,0.13837671279907227,1,0.21120883524417877,0.18365265429019928
15,1,0.1626645028591156,0.13518546521663666,1,0.20563898980617523,0.17821954190731049
16,1,0.1572766751050949,0.1299237757921219,1,0.20403635501861572,0.1767634153366089
17,1,0.15416331589221954,0.1269449144601822,1,0.2014366239309311,0.17425444722175598
18,1,0.15034949779510498,0.12321444600820541,1,0.20389744639396667,0.1767999678850174
19,1,0.14603182673454285,0.1189807653427124,1,0.20164407789707184,0.17463316023349762
20,1,0.14324501156806946,0.11626816540956497,1,0.201708123087883,0.1747618168592453
21,1,0.14006637036800385,0.11314333230257034,1,0.19792744517326355,0.17102429270744324
22,1,0.13809075951576233,0.11122521758079529,1,0.19895781576633453,0.17212070524692535
23,1,0.1344321221113205,0.10759330540895462,1,0.1960846185684204,0.16927646100521088
24,1,0.1312660425901413,0.10446912050247192,1,0.19658426940441132,0.16979189217090607
25,1,0.12947338819503784,0.1027001291513443,1,0.19311368465423584,0.16635814309120178
26,1,0.1280387043952942,0.1012878566980362,1,0.19521333277225494,0.1684616059064865
27,1,0.1252036839723587,0.09845241159200668,1,0.19827745854854584,0.17154070734977722
28,1,0.12385628372430801,0.09712634980678558,1,0.198556050658226,0.17183056473731995
29,1,0.12068410962820053,0.09397149831056595,1,0.19326046109199524,0.16656042635440826
30,1,0.11929380893707275,0.09260456264019012,1,0.1921253353357315,0.1654379963874817
31,1,0.11683212965726852,0.0901578739285469,1,0.19470277428627014,0.16802315413951874
32,1,0.11565873771905899,0.08899850398302078,1,0.18860305845737457,0.16194269061088562
33,1,0.11461765319108963,0.08796829730272293,1,0.18999482691287994,0.1633378565311432
34,1,0.11313098669052124,0.08649415522813797,1,0.19729763269424438,0.1706451177597046
35,1,0.11169400811195374,0.08506328612565994,1,0.18722034990787506,0.16059991717338562
36,1,0.10994008183479309,0.08333096653223038,1,0.18893086910247803,0.16231709718704224
37,1,0.10911034047603607,0.08250223100185394,1,0.18774287402629852,0.16113685071468353
38,1,0.10794490575790405,0.0813513994216919,1,0.18856845796108246,0.16197815537452698
39,1,0.10631664097309113,0.07973825186491013,1,0.18663977086544037,0.16006629168987274
40,1,0.10622038692235947,0.07964526861906052,1,0.1973680555820465,0.17077995836734772
41,1,0.10365469753742218,0.0770861878991127,1,0.18462568521499634,0.1580754667520523
42,1,0.10378347337245941,0.0772370845079422,1,0.18585416674613953,0.159308061003685
43,1,0.10217949002981186,0.07565514743328094,1,0.1833333522081375,0.1568073034286499
44,1,0.10017886012792587,0.07367152720689774,1,0.18400631844997406,0.15749897062778473
45,1,0.0999494418501854,0.0734582394361496,1,0.18377770483493805,0.15729071199893951
46,1,0.09805335104465485,0.07158517092466354,1,0.1835503727197647,0.15709424018859863
47,1,0.09799519926309586,0.07154396921396255,1,0.1862962394952774,0.15983867645263672
48,1,0.0981597900390625,0.07171409577131271,1,0.18487218022346497,0.1584174484014511
49,1,0.09673534333705902,0.07030411064624786,1,0.18320393562316895,0.15678338706493378
50,1,0.09562550485134125,0.06921574473381042,1,0.18110641837120056,0.1547054946422577
51,1,0.09466139227151871,0.06828494369983673,1,0.1840209662914276,0.15765362977981567
52,1,0.09370257705450058,0.06735692918300629,1,0.18222707509994507,0.15588897466659546
53,1,0.09435877203941345,0.06802704930305481,1,0.18554076552391052,0.1592099517583847
54,1,0.0930340513586998,0.06671010702848434,1,0.18278640508651733,0.15645164251327515
55,1,0.09179971367120743,0.06548543274402618,1,0.18329541385173798,0.1569882333278656
56,1,0.09177734702825546,0.06547576189041138,1,0.18644830584526062,0.16015084087848663
57,1,0.09012957662343979,0.06385817378759384,1,0.18095165491104126,0.1546899676322937
58,1,0.09108009934425354,0.0648302212357521,1,0.1827978938817978,0.15653498470783234
59,1,0.0902412086725235,0.06399541348218918,1,0.18420012295246124,0.1579563021659851
60,1,0.08914690464735031,0.06291479617357254,1,0.18018010258674622,0.15394175052642822
61,1,0.08891089260578156,0.06270476430654526,1,0.17983481287956238,0.1536485105752945
62,1,0.08806516975164413,0.06190217286348343,1,0.1804874837398529,0.15433554351329803
63,1,0.0878017246723175,0.06166265904903412,1,0.18034465610980988,0.1542149782180786
64,1,0.08701610565185547,0.06090572848916054,1,0.18348351120948792,0.15736229717731476
65,1,0.08590002357959747,0.05979181453585625,1,0.1805584728717804,0.15446119010448456
66,1,0.08518510311841965,0.05911678448319435,1,0.18022620677947998,0.15416546165943146
67,1,0.0847737267613411,0.05873795971274376,1,0.1819668859243393,0.1559387594461441
68,1,0.08494536578655243,0.058944106101989746,1,0.1806747317314148,0.15468047559261322
69,1,0.08413852006196976,0.0581653006374836,1,0.18004871904850006,0.15407349169254303
70,1,0.08377176523208618,0.05783454328775406,1,0.1808481365442276,0.1549224853515625
71,1,0.08308882266283035,0.05719495192170143,1,0.18096061050891876,0.1550743132829666
72,1,0.08285751938819885,0.056989993900060654,1,0.18359948694705963,0.15773725509643555
73,1,0.08201917260885239,0.056175146251916885,1,0.18482956290245056,0.15899862349033356
74,1,0.082354336977005,0.05653815716505051,1,0.18539291620254517,0.15958066284656525
75,1,0.08187059313058853,0.05606537312269211,1,0.1838916540145874,0.15808510780334473
76,1,0.08212647587060928,0.05633286014199257,1,0.17909498512744904,0.15328210592269897
77,1,0.08072318881750107,0.054923560470342636,1,0.18368779122829437,0.15790654718875885
78,1,0.08003811538219452,0.05427985265851021,1,0.18062268197536469,0.15489235520362854
79,1,0.08024813234806061,0.054537221789360046,1,0.18173865973949432,0.15603800117969513
80,1,0.0800563395023346,0.05437158793210983,1,0.17826701700687408,0.15258660912513733
81,1,0.07967942208051682,0.054022446274757385,1,0.17920257151126862,0.15354247391223907
82,1,0.07921124249696732,0.05358828231692314,1,0.18214748799800873,0.15653067827224731
83,1,0.07839725911617279,0.052800700068473816,1,0.18257994949817657,0.15699803829193115
84,1,0.07842057943344116,0.05285630375146866,1,0.18197175860404968,0.1564139574766159
85,1,0.07768894731998444,0.05216395482420921,1,0.17948803305625916,0.15397632122039795
86,1,0.07792957872152328,0.05243784189224243,1,0.17933166027069092,0.15385323762893677
87,1,0.07751970738172531,0.052067145705223083,1,0.1795680969953537,0.15412485599517822
88,1,0.0768384262919426,0.05142197757959366,1,0.1777692586183548,0.15236790478229523
89,1,0.07747101038694382,0.05208240821957588,1,0.17960551381111145,0.1542143076658249
90,1,0.07608716189861298,0.05072556436061859,1,0.18065373599529266,0.15530569851398468
91,1,0.07582663744688034,0.05050899088382721,1,0.18016624450683594,0.15485258400440216
92,1,0.075709268450737,0.050420258194208145,1,0.17951031029224396,0.15423953533172607
93,1,0.07515338808298111,0.04990047216415405,1,0.17802828550338745,0.15278591215610504
94,1,0.07658813893795013,0.05134475976228714,1,0.17862103879451752,0.15338607132434845
95,1,0.07481597363948822,0.04960485175251961,1,0.17874643206596375,0.1535417139530182
96,1,0.0750449150800705,0.04986191540956497,1,0.17792782187461853,0.1527518481016159
97,1,0.07425209879875183,0.04910000041127205,1,0.17694216966629028,0.15180496871471405
98,1,0.0742432177066803,0.04913053289055824,1,0.17834918200969696,0.15324582159519196
99,1,0.07344261556863785,0.04837191104888916,1,0.17625805735588074,0.15120825171470642
0,2,0.5072008967399597,0.46517255902290344,1,0.3634544014930725,0.32747945189476013
1,2,0.32075804471969604,0.2864656448364258,1,0.297329306602478,0.26435351371765137
2,2,0.28404486179351807,0.25198787450790405,1,0.2881975769996643,0.2569670081138611
3,2,0.26380568742752075,0.23325401544570923,1,0.2815558612346649,0.2516399025917053
4,2,0.245945006608963,0.21657751500606537,1,0.25943124294281006,0.23057764768600464
5,2,0.23279693722724915,0.20437182486057281,1,0.25256961584091187,0.2245643585920334
6,2,0.22259017825126648,0.1949499547481537,1,0.24092701077461243,0.2136189341545105
7,2,0.21252191066741943,0.1855081170797348,1,0.2386738508939743,0.21194054186344147
8,2,0.20322880148887634,0.17672879993915558,1,0.23030754923820496,0.20404201745986938
9,2,0.19565512239933014,0.16960613429546356,1,0.22496865689754486,0.19911277294158936
10,2,0.18856403231620789,0.16288678348064423,1,0.22322170436382294,0.19770798087120056
11,2,0.18317247927188873,0.1577809453010559,1,0.21366524696350098,0.18838618695735931
12,2,0.17599686980247498,0.15080049633979797,1,0.21064753830432892,0.18554328382015228
13,2,0.17062342166900635,0.1455773264169693,1,0.2185993194580078,0.1936095952987671
14,2,0.16445916891098022,0.13954134285449982,1,0.21567174792289734,0.19081754982471466
15,2,0.16023309528827667,0.1354294866323471,1,0.20189109444618225,0.1771388202905655
16,2,0.15526746213436127,0.13054721057415009,1,0.20376384258270264,0.1790672093629837
17,2,0.15209271013736725,0.12743507325649261,1,0.20799830555915833,0.1833588182926178
18,2,0.14786848425865173,0.12324684858322144,1,0.20178459584712982,0.17718787491321564
19,2,0.14520876109600067,0.12062596529722214,1,0.20725049078464508,0.182676300406456
20,2,0.14213725924491882,0.11757373064756393,1,0.19917090237140656,0.1746264398097992
21,2,0.1392052173614502,0.11466753482818604,1,0.19697748124599457,0.17243729531764984
22,2,0.13563309609889984,0.11109857261180878,1,0.19757719337940216,0.1730353832244873
23,2,0.13293273746967316,0.10838835686445236,1,0.20032963156700134,0.17577730119228363
24,2,0.1311224102973938,0.10657224804162979,1,0.19472874701023102,0.17016898095607758
25,2,0.12787628173828125,0.10331007838249207,1,0.1953761726617813,0.17079783976078033
26,2,0.1267542988061905,0.10218013823032379,1,0.1944318562746048,0.16985276341438293
27,2,0.12426995486021042,0.09969650208950043,1,0.19533972442150116,0.17075946927070618
28,2,0.121900275349617,0.0973232164978981,1,0.1919194608926773,0.16734126210212708
29,2,0.12021209299564362,0.09563380479812622,1,0.19290754199028015,0.16832444071769714
30,2,0.11905419826507568,0.09446589648723602,1,0.19082245230674744,0.16622039675712585
31,2,0.11727484315633774,0.09265899658203125,1,0.19134974479675293,0.16672907769680023
32,2,0.11515694111585617,0.09053625911474228,1,0.1902758628129959,0.16564837098121643
33,2,0.11302269995212555,0.08839565515518188,1,0.18800368905067444,0.16337056457996368
34,2,0.11163028329610825,0.08699093759059906,1,0.18876896798610687,0.1641259640455246
35,2,0.11074914038181305,0.08611273765563965,1,0.18864251673221588,0.16399548947811127
36,2,0.10891807824373245,0.0842759758234024,1,0.19412969052791595,0.1694755256175995
37,2,0.10740246623754501,0.0827464908361435,1,0.1909356266260147,0.16627025604248047
38,2,0.10667192935943604,0.08201313763856888,1,0.1870376616716385,0.16236792504787445
39,2,0.1057308241724968,0.08106842637062073,1,0.18800972402095795,0.16333484649658203
40,2,0.10427369177341461,0.07960473746061325,1,0.1872834414243698,0.16260899603366852
41,2,0.10358203947544098,0.07890333235263824,1,0.1851259469985962,0.1604296714067459
42,2,0.10229110717773438,0.0775970071554184,1,0.18832066655158997,0.16361065208911896
43,2,0.10121738165616989,0.07651809602975845,1,0.1867310106754303,0.16203027963638306
44,2,0.10025687515735626,0.07554920017719269,1,0.18558774888515472,0.1608574092388153
45,2,0.09938766807317734,0.07465997338294983,1,0.18286055326461792,0.1581275910139084
46,2,0.0989740863442421,0.07425114512443542,1,0.18581810593605042,0.16109037399291992
47,2,0.09734334796667099,0.0726197212934494,1,0.1889653354883194,0.1642393320798874
48,2,0.09658490866422653,0.07187501341104507,1,0.1878862828016281,0.16317056119441986
49,2,0.09637176990509033,0.07166212797164917,1,0.1837977170944214,0.15907685458660126
50,2,0.09500185400247574,0.07028669863939285,1,0.1863679140806198,0.16164033114910126
51,2,0.09413830935955048,0.06942465156316757,1,0.18694384396076202,0.1622297167778015
52,2,0.09308210760354996,0.06837274134159088,1,0.18683354556560516,0.1621166318655014
53,2,0.09325490891933441,0.06855232268571854,1,0.18415619432926178,0.159449964761734
54,2,0.09170517325401306,0.06701097637414932,1,0.1817004680633545,0.15700675547122955
55,2,0.09213942289352417,0.06744333356618881,1,0.18067938089370728,0.15597520768642426
56,2,0.09035515785217285,0.0656677633523941,1,0.1856902837753296,0.16101017594337463
57,2,0.0905534103512764,0.06587769091129303,1,0.1811981499195099,0.15652360022068024
58,2,0.08995582908391953,0.0652737244963646,1,0.1824270337820053,0.1577339619398117
59,2,0.0896536335349083,0.06495601683855057,1,0.1853688359260559,0.16067370772361755
60,2,0.08827034384012222,0.06358862668275833,1,0.18412311375141144,0.15944528579711914
61,2,0.08813474327325821,0.06347333639860153,1,0.18205660581588745,0.15738800168037415
62,2,0.08685415238142014,0.06220049783587456,1,0.1817914992570877,0.1571476310491562
63,2,0.08676017075777054,0.062142468988895416,1,0.18183624744415283,0.15722087025642395
64,2,0.08632516860961914,0.061729010194540024,1,0.1814732402563095,0.1568671017885208
65,2,0.08630231767892838,0.061701685190200806,1,0.18261593580245972,0.15800966322422028
66,2,0.08518679440021515,0.060601312667131424,1,0.182693749666214,0.15810976922512054
67,2,0.08492539077997208,0.06035274267196655,1,0.18221649527549744,0.15764065086841583
68,2,0.08433254808187485,0.059775255620479584,1,0.18123096227645874,0.15668679773807526
69,2,0.08371217548847198,0.0591815821826458,1,0.17979446053504944,0.1552642434835434
70,2,0.0836998000741005,0.05918705835938454,1,0.1927087903022766,0.1681894212961197
71,2,0.08376879245042801,0.05927499011158943,1,0.18218182027339935,0.15768320858478546
72,2,0.08270532637834549,0.058220960199832916,1,0.17953622341156006,0.1550510674715042
73,2,0.08208093792200089,0.05761900171637535,1,0.18230581283569336,0.15784810483455658
74,2,0.08112127333879471,0.05668521672487259,1,0.18356452882289886,0.15913936495780945
75,2,0.08184374123811722,0.05743663012981415,1,0.18193818628787994,0.15753470361232758
76,2,0.08101098984479904,0.056620147079229355,1,0.17857742309570312,0.15419763326644897
77,2,0.08045276254415512,0.05609259381890297,1,0.18039995431900024,0.15605174005031586
78,2,0.07982911914587021,0.055484142154455185,1,0.17827701568603516,0.15392424166202545
79,2,0.07929202914237976,0.05495838075876236,1,0.17666840553283691,0.15235543251037598
80,2,0.07906172424554825,0.05477368086576462,1,0.17963726818561554,0.15536300837993622
81,2,0.07894426584243774,0.05469600856304169,1,0.17902103066444397,0.15477846562862396
82,2,0.07831154018640518,0.05408572405576706,1,0.17841379344463348,0.15419770777225494
83,2,0.07849913835525513,0.05430494248867035,1,0.1798841804265976,0.15570145845413208
84,2,0.07806410640478134,0.05387599393725395,1,0.17923863232135773,0.15505020320415497
85,2,0.07739652693271637,0.053235288709402084,1,0.17823541164398193,0.15408378839492798
86,2,0.07748489826917648,0.053334932774305344,1,0.18172602355480194,0.15757687389850616
87,2,0.07631776481866837,0.05219586193561554,1,0.1768074929714203,0.15269148349761963
88,2,0.07632742822170258,0.05224340409040451,1,0.17964482307434082,0.15556150674819946
89,2,0.07677274942398071,0.05271196365356445,1,0.17838342487812042,0.15432268381118774
90,2,0.07586247473955154,0.051819320768117905,1,0.1784992218017578,0.15446139872074127
91,2,0.07528652250766754,0.05127101019024849,1,0.17942486703395844,0.155412957072258
92,2,0.07528217136859894,0.05129602923989296,1,0.17907391488552094,0.15509136021137238
93,2,0.07553441822528839,0.0515671968460083,1,0.17878738045692444,0.15482482314109802
94,2,0.07446922361850739,0.05052649974822998,1,0.18046116828918457,0.15652085840702057
95,2,0.07429685443639755,0.050379108637571335,1,0.18155403435230255,0.15764209628105164
96,2,0.07415646314620972,0.050249189138412476,1,0.17851728200912476,0.1546209156513214
97,2,0.07322628796100616,0.04934903234243393,1,0.1774224042892456,0.15355701744556427
98,2,0.07382575422525406,0.049972496926784515,1,0.1790580302476883,0.15521326661109924
99,2,0.07290095090866089,0.0490744449198246,1,0.17918917536735535,0.15536510944366455
0,3,0.5027275681495667,0.46059054136276245,1,0.35189956426620483,0.3156243562698364
1,3,0.31828388571739197,0.28356069326400757,1,0.29433831572532654,0.2608581483364105
2,3,0.28293612599372864,0.25033530592918396,1,0.2759903371334076,0.24418576061725616
3,3,0.26259130239486694,0.23145906627178192,1,0.254339337348938,0.22384300827980042
4,3,0.24588675796985626,0.2159363329410553,1,0.24816003441810608,0.21873223781585693
5,3,0.23344756662845612,0.20448744297027588,1,0.24174398183822632,0.21322660148143768
6,3,0.22244346141815186,0.1943153440952301,1,0.22982917726039886,0.20205910503864288
7,3,0.21185986697673798,0.1843888759613037,1,0.23714138567447662,0.20995965600013733
8,3,0.20346038043498993,0.17650826275348663,1,0.2223445624113083,0.19562703371047974
9,3,0.1949862688779831,0.16846507787704468,1,0.23318926990032196,0.20685052871704102
10,3,0.1870984137058258,0.16093771159648895,1,0.21840348839759827,0.19240473210811615
11,3,0.18050970137119293,0.15464313328266144,1,0.21383914351463318,0.18809781968593597
12,3,0.17443548142910004,0.14882120490074158,1,0.21423274278640747,0.1887107789516449
13,3,0.16909614205360413,0.1436772644519806,1,0.2101297378540039,0.18480904400348663
14,3,0.1639285534620285,0.1386893391609192,1,0.2106206864118576,0.18546044826507568
15,3,0.15996816754341125,0.13487568497657776,1,0.20167194306850433,0.17664504051208496
16,3,0.1548362821340561,0.12987056374549866,1,0.2068936675786972,0.18196818232536316
17,3,0.15151461958885193,0.12664975225925446,1,0.20057563483715057,0.17574600875377655
18,3,0.14831538498401642,0.12352115660905838,1,0.20545242726802826,0.18068543076515198
19,3,0.14355522394180298,0.11882450431585312,1,0.2029544860124588,0.17824585735797882
20,3,0.14124509692192078,0.11656913161277771,1,0.2017500251531601,0.1770922988653183
21,3,0.13956739008426666,0.11493503302335739,1,0.19729848206043243,0.17267963290214539
22,3,0.13511715829372406,0.11052799969911575,1,0.19295264780521393,0.16837213933467865
23,3,0.1327250897884369,0.10816506296396255,1,0.19196158647537231,0.16741372644901276
24,3,0.1300969272851944,0.10556098818778992,1,0.19674210250377655,0.17221203446388245
25,3,0.12719731032848358,0.10269009321928024,1,0.19385842978954315,0.1693575084209442
26,3,0.1260509043931961,0.10154904425144196,1,0.1967611312866211,0.17226102948188782
27,3,0.12420426309108734,0.09971806406974792,1,0.19245129823684692,0.1679619699716568
28,3,0.12146446108818054,0.09698527306318283,1,0.18882887065410614,0.16435597836971283
29,3,0.11989431083202362,0.09542480111122131,1,0.19155018031597137,0.16707007586956024
30,3,0.11848430335521698,0.0940026119351387,1,0.19038544595241547,0.16589775681495667
31,3,0.1169024407863617,0.09240750968456268,1,0.18901760876178741,0.16451051831245422
32,3,0.11497320234775543,0.09047125279903412,1,0.18794919550418854,0.16344089806079865
33,3,0.11392074078321457,0.0894048660993576,1,0.1884736865758896,0.16395524144172668
34,3,0.11193455755710602,0.0874054953455925,1,0.18482448160648346,0.16029387712478638
35,3,0.11087048798799515,0.08633687347173691,1,0.1875627338886261,0.16302703320980072
36,3,0.10934307426214218,0.08481645584106445,1,0.18823379278182983,0.16370351612567902
37,3,0.10854882746934891,0.08401089161634445,1,0.1869596689939499,0.16240975260734558
38,3,0.10747034847736359,0.08292508870363235,1,0.1896180659532547,0.16507068276405334
39,3,0.10568366944789886,0.08113034814596176,1,0.18378469347953796,0.15922987461090088
40,3,0.1037893071770668,0.07923836261034012,1,0.1868256777524948,0.16226528584957123
41,3,0.1036846712231636,0.07912826538085938,1,0.18615372478961945,0.16157665848731995
42,3,0.10344677418470383,0.07888723164796829,1,0.18509496748447418,0.16053004562854767
43,3,0.10144398361444473,0.0768827572464943,1,0.18457522988319397,0.16000492870807648
44,3,0.09994254261255264,0.07538488507270813,1,0.18323494493961334,0.1586778163909912
45,3,0.09939355403184891,0.07484719902276993,1,0.18430545926094055,0.15975113213062286
46,3,0.09889226406812668,0.07434099167585373,1,0.18540461361408234,0.16085152328014374
47,3,0.09814365208148956,0.07360067963600159,1,0.18092398345470428,0.1563730090856552
48,3,0.09681795537471771,0.07226789742708206,1,0.18179334700107574,0.15722791850566864
49,3,0.09627821296453476,0.07173408567905426,1,0.1809699535369873,0.1564386636018753
50,3,0.09527704864740372,0.07073931396007538,1,0.18497075140476227,0.1604336053133011
51,3,0.09471352398395538,0.07018538564443588,1,0.1801939606666565,0.1556583046913147
52,3,0.09337721019983292,0.06885568052530289,1,0.18162284791469574,0.15709981322288513
53,3,0.09260860085487366,0.06809373199939728,1,0.18083205819129944,0.15631800889968872
54,3,0.09254931658506393,0.06805049628019333,1,0.18108609318733215,0.1565960794687271
55,3,0.0915936827659607,0.06711415201425552,1,0.18394118547439575,0.15946058928966522
56,3,0.090568907558918,0.06610431522130966,1,0.1810370236635208,0.15655988454818726
57,3,0.09038759022951126,0.06592856347560883,1,0.18129800260066986,0.1568334698677063
58,3,0.09005659818649292,0.0655987411737442,1,0.18227213621139526,0.15779981017112732
59,3,0.08894243836402893,0.0644691064953804,1,0.17990420758724213,0.15543770790100098
60,3,0.08781909197568893,0.06337415426969528,1,0.1800113171339035,0.15557065606117249
61,3,0.0885544866323471,0.06412284076213837,1,0.18017451465129852,0.1557493656873703
62,3,0.0877031534910202,0.06329115480184555,1,0.17911309003829956,0.15469615161418915
63,3,0.08691778779029846,0.06252188980579376,1,0.17985394597053528,0.15545809268951416
64,3,0.08640360832214355,0.062007445842027664,1,0.17944638431072235,0.1550527811050415
65,3,0.0857577994465828,0.06138234585523605,1,0.17978166043758392,0.1553967148065567
66,3,0.0854848325252533,0.06111621856689453,1,0.1807805746793747,0.15641465783119202
67,3,0.08495393395423889,0.06060969829559326,1,0.18131554126739502,0.15697947144508362
68,3,0.08459208160638809,0.06026287004351616,1,0.17824047803878784,0.15390244126319885
69,3,0.08396772295236588,0.05964868888258934,1,0.17809699475765228,0.15378957986831665
70,3,0.08338253945112228,0.059094853699207306,1,0.17973332107067108,0.15544748306274414
71,3,0.08353854715824127,0.05926624685525894,1,0.18071362376213074,0.1564365178346634
72,3,0.08185306191444397,0.05761134624481201,1,0.17783144116401672,0.15359638631343842
73,3,0.08264503628015518,0.058417439460754395,1,0.18336375057697296,0.15913410484790802
74,3,0.08267995715141296,0.05845772475004196,1,0.17953863739967346,0.15529683232307434
75,3,0.08163280785083771,0.057418111711740494,1,0.17826718091964722,0.15405866503715515
76,3,0.08040100336074829,0.05621912330389023,1,0.1787164956331253,0.15453428030014038
77,3,0.08029419183731079,0.05613310635089874,1,0.177875354886055,0.15372297167778015
78,3,0.07991492003202438,0.055790647864341736,1,0.17683617770671844,0.15272480249404907
79,3,0.07980865240097046,0.055707599967718124,1,0.17723649740219116,0.15314285457134247
80,3,0.07959386706352234,0.05552385374903679,1,0.1769949346780777,0.15293683111667633
81,3,0.07949284464120865,0.05544719472527504,1,0.18274135887622833,0.15869227051734924
82,3,0.07850570231676102,0.054475389420986176,1,0.17545132339000702,0.15143035352230072
83,3,0.07850077003240585,0.054495856165885925,1,0.18008480966091156,0.15607105195522308
84,3,0.07797125726938248,0.05399519205093384,1,0.17644794285297394,0.15248388051986694
85,3,0.07839437574148178,0.05444399267435074,1,0.17921538650989532,0.15526700019836426
86,3,0.07749068737030029,0.05355645343661308,1,0.18290531635284424,0.15897627174854279
87,3,0.07729575783014297,0.0533812940120697,1,0.17673593759536743,0.15282174944877625
88,3,0.07714663445949554,0.05326277017593384,1,0.17670492827892303,0.15283307433128357
89,3,0.07630198448896408,0.052445102483034134,1,0.17741215229034424,0.15355774760246277
90,3,0.0763738602399826,0.0525326170027256,1,0.17696014046669006,0.15312039852142334
91,3,0.07620015740394592,0.05237417668104172,1,0.17637164890766144,0.1525433361530304
92,3,0.0755874514579773,0.05177444592118263,1,0.17582839727401733,0.1520194560289383
93,3,0.07604614645242691,0.05225726217031479,1,0.1781795471906662,0.15440453588962555
94,3,0.07511676847934723,0.0513603612780571,1,0.17349490523338318,0.14974312484264374
95,3,0.0749012753367424,0.05117553099989891,1,0.1779910922050476,0.15425515174865723
96,3,0.0744335800409317,0.05072660744190216,1,0.17661398649215698,0.15290935337543488
97,3,0.07390018552541733,0.050218746066093445,1,0.17484335601329803,0.15116842091083527
98,3,0.07392700761556625,0.05027305334806442,1,0.17651444673538208,0.1528714895248413
99,3,0.07420381158590317,0.0505775548517704,1,0.17763906717300415,0.15401466190814972
0,4,0.4980609714984894,0.4567139744758606,1,0.33660566806793213,0.3012162744998932
1,4,0.3194134533405304,0.28545746207237244,1,0.29627490043640137,0.2634153366088867
2,4,0.2831558883190155,0.25112906098365784,1,0.2825073003768921,0.25126001238822937
3,4,0.26215431094169617,0.23153814673423767,1,0.258884459733963,0.2288864701986313
4,4,0.24697518348693848,0.21748843789100647,1,0.25253766775131226,0.22353631258010864
5,4,0.23193426430225372,0.2033551037311554,1,0.24293780326843262,0.21477732062339783
6,4,0.2208041399717331,0.19300208985805511,1,0.23707641661167145,0.20962369441986084
7,4,0.21141059696674347,0.18426154553890228,1,0.22996926307678223,0.20311355590820312
8,4,0.20332780480384827,0.17671538889408112,1,0.22192208468914032,0.19555330276489258
9,4,0.19462768733501434,0.1684793382883072,1,0.2332388013601303,0.2072959989309311
10,4,0.18815980851650238,0.16238316893577576,1,0.22486861050128937,0.19925236701965332
11,4,0.181020587682724,0.15552425384521484,1,0.219919353723526,0.19453974068164825
12,4,0.1745445430278778,0.1492510885000229,1,0.21255961060523987,0.18735794723033905
13,4,0.16964273154735565,0.14451396465301514,1,0.20881235599517822,0.18376503884792328
14,4,0.16409364342689514,0.1391160637140274,1,0.20503820478916168,0.18014387786388397
15,4,0.15928970277309418,0.13445593416690826,1,0.22367079555988312,0.1988939642906189
16,4,0.15550795197486877,0.13076284527778625,1,0.21680466830730438,0.1920989453792572
17,4,0.15236394107341766,0.12770287692546844,1,0.20372195541858673,0.1791076511144638
18,4,0.14728453755378723,0.12269620597362518,1,0.20434555411338806,0.17978748679161072
19,4,0.1440286487340927,0.11949167400598526,1,0.20306876301765442,0.1785569041967392
20,4,0.14146624505519867,0.11697664111852646,1,0.19966016709804535,0.17517991364002228
21,4,0.13767708837985992,0.11323181539773941,1,0.19803078472614288,0.17360128462314606
22,4,0.13405998051166534,0.10965190082788467,1,0.19654129445552826,0.17213813960552216
23,4,0.13197986781597137,0.107593834400177,1,0.2032012641429901,0.17881697416305542
24,4,0.12996836006641388,0.10560102760791779,1,0.19855232536792755,0.17418792843818665
25,4,0.12757255136966705,0.10320506989955902,1,0.19491401314735413,0.17054113745689392
26,4,0.1253238320350647,0.10096467286348343,1,0.19341203570365906,0.16904479265213013
27,4,0.12280727922916412,0.09845071285963058,1,0.20225811004638672,0.17788919806480408
28,4,0.12136995792388916,0.0970100536942482,1,0.20305635035037994,0.17868643999099731
29,4,0.11961077898740768,0.09524683654308319,1,0.19486483931541443,0.17048926651477814
30,4,0.11760466545820236,0.09323836117982864,1,0.1947026401758194,0.170329749584198
31,4,0.11618045717477798,0.09180209040641785,1,0.187661811709404,0.16327989101409912
32,4,0.11430759727954865,0.0899161547422409,1,0.18842045962810516,0.1640169769525528
33,4,0.11253537237644196,0.08813020586967468,1,0.1892041116952896,0.1647951602935791
34,4,0.1122719794511795,0.08786134421825409,1,0.18969421088695526,0.16527234017848969
35,4,0.11000965535640717,0.08558565378189087,1,0.187580868601799,0.16314785182476044
36,4,0.10899656265974045,0.08456754684448242,1,0.18625889718532562,0.16182935237884521
37,4,0.10775599628686905,0.0833275243639946,1,0.1855984926223755,0.16114173829555511
38,4,0.10696721822023392,0.08251698315143585,1,0.18842151761054993,0.16395214200019836
39,4,0.1049918383359909,0.08052586019039154,1,0.18882744014263153,0.16435013711452484
40,4,0.10397305339574814,0.0795108750462532,1,0.18483300507068634,0.16035990417003632
41,4,0.10261639952659607,0.07815679162740707,1,0.18462413549423218,0.16015106439590454
42,4,0.1020573154091835,0.07759534567594528,1,0.1866854578256607,0.16222785413265228
43,4,0.10101401805877686,0.07655971497297287,1,0.18623104691505432,0.16177302598953247
44,4,0.10024973005056381,0.07579692453145981,1,0.18548336625099182,0.16101473569869995
45,4,0.09934019297361374,0.07487577199935913,1,0.18532341718673706,0.1608487218618393
46,4,0.09830901026725769,0.07383905351161957,1,0.1811491847038269,0.1566723883152008
47,4,0.09702283889055252,0.07255449146032333,1,0.18685492873191833,0.16238899528980255
48,4,0.09736107289791107,0.07288779318332672,1,0.19045168161392212,0.16596528887748718
49,4,0.09652145951986313,0.07204603403806686,1,0.18219780921936035,0.1577092707157135
50,4,0.09502970427274704,0.07056054472923279,1,0.18388400971889496,0.15941178798675537
51,4,0.0940059944987297,0.0695505142211914,1,0.18515586853027344,0.16070005297660828
52,4,0.09398146718740463,0.06953003257513046,1,0.18775145709514618,0.1632944941520691
53,4,0.09363700449466705,0.06918922811746597,1,0.18137478828430176,0.15692146122455597
54,4,0.0926753357052803,0.06823162734508514,1,0.18344628810882568,0.15899983048439026
55,4,0.09123309701681137,0.06678899377584457,1,0.18488773703575134,0.1604507863521576
56,4,0.09084799885749817,0.06640839576721191,1,0.1811847686767578,0.1567402482032776
57,4,0.08996192365884781,0.0655316486954689,1,0.1824234426021576,0.1579851508140564
58,4,0.08908617496490479,0.06465891748666763,1,0.1816440373659134,0.1572192907333374
59,4,0.08851569145917892,0.06410286575555801,1,0.18062688410282135,0.15620993077754974
60,4,0.08834545314311981,0.06394629180431366,1,0.18129336833953857,0.1568959653377533
61,4,0.08789294213056564,0.06351184844970703,1,0.17940980195999146,0.15504181385040283
62,4,0.08851797878742218,0.06413890421390533,1,0.18117396533489227,0.1567869484424591
63,4,0.08672921359539032,0.06236361712217331,1,0.1835019588470459,0.15914873778820038
64,4,0.08679106831550598,0.0624401718378067,1,0.18238674104213715,0.1580429971218109
65,4,0.08596032112836838,0.06162453070282936,1,0.18837831914424896,0.1640261709690094
66,4,0.08559087663888931,0.06126051023602486,1,0.187295600771904,0.16295985877513885
67,4,0.0847303569316864,0.06040400639176369,1,0.18136276304721832,0.15704715251922607
68,4,0.08406591415405273,0.05977051332592964,1,0.18752321600914001,0.1632256954908371
69,4,0.08449807018041611,0.060209259390830994,1,0.17847350239753723,0.15418098866939545
70,4,0.08357391506433487,0.0593014732003212,1,0.1799413114786148,0.1556725949048996
71,4,0.08298689126968384,0.0587407723069191,1,0.18144816160202026,0.15720728039741516
72,4,0.08225821703672409,0.05803622677922249,1,0.18262630701065063,0.15841059386730194
73,4,0.08274392038583755,0.05853533744812012,1,0.18020325899124146,0.15598468482494354
74,4,0.08252224326133728,0.058316972106695175,1,0.18103818595409393,0.15683209896087646
75,4,0.08085654675960541,0.05667881295084953,1,0.1793445348739624,0.15517312288284302
76,4,0.08122719824314117,0.05707781761884689,1,0.17855879664421082,0.1544080674648285
77,4,0.08031673729419708,0.05619050934910774,1,0.17877289652824402,0.1546473503112793
78,4,0.07987912744283676,0.05577550083398819,1,0.1800493597984314,0.1559499204158783
79,4,0.07972481101751328,0.05563962459564209,1,0.1789422631263733,0.15485702455043793
80,4,0.07872501015663147,0.05466298758983612,1,0.17959316074848175,0.15553881227970123
81,4,0.07842876762151718,0.05439921095967293,1,0.18028442561626434,0.1562654972076416
82,4,0.07851003110408783,0.054510101675987244,1,0.17981572449207306,0.15582430362701416
83,4,0.07834316790103912,0.05436050891876221,1,0.17984433472156525,0.15585957467556
84,4,0.078020840883255,0.05406203866004944,1,0.1773029863834381,0.15336133539676666
85,4,0.07718224078416824,0.05325223132967949,1,0.1796899139881134,0.15576894581317902
86,4,0.07828765362501144,0.054373692721128464,1,0.17837074398994446,0.15445244312286377
87,4,0.07682348042726517,0.05293188616633415,1,0.17880700528621674,0.1549275517463684
88,4,0.07649313658475876,0.052635177969932556,1,0.17773856222629547,0.1538774073123932
89,4,0.07639813423156738,0.052555374801158905,1,0.17933973670005798,0.1555013656616211
90,4,0.07570573687553406,0.05188510939478874,1,0.17749568819999695,0.15367348492145538
91,4,0.07608138769865036,0.05227618291974068,1,0.17945162951946259,0.15565836429595947
92,4,0.07574152946472168,0.051970381289720535,1,0.17855112254619598,0.15478286147117615
93,4,0.07475485652685165,0.05100231617689133,1,0.18040458858013153,0.1566486954689026
94,4,0.0747961774468422,0.051060084253549576,1,0.1768949329853058,0.1531699001789093
95,4,0.07418196648359299,0.0504782535135746,1,0.178662970662117,0.15495485067367554
96,4,0.07429949194192886,0.05060838535428047,1,0.1778530478477478,0.15416935086250305
97,4,0.0738469809293747,0.05018089711666107,1,0.1770910769701004,0.15343834459781647
98,4,0.07350463420152664,0.049856703728437424,1,0.180333212018013,0.1566871553659439
99,4,0.07305009663105011,0.04943301901221275,1,0.17787957191467285,0.15427188575267792
0,5,0.48266586661338806,0.4374150335788727,1,0.3345395624637604,0.29420170187950134
1,5,0.31178152561187744,0.2730441987514496,1,0.30395641922950745,0.2665289640426636
2,5,0.2798976004123688,0.24350912868976593,1,0.2966807186603546,0.2612570524215698
3,5,0.26020729541778564,0.2256048619747162,1,0.2684459388256073,0.2346072942018509
4,5,0.24364259839057922,0.21047954261302948,1,0.26045846939086914,0.2279413789510727
5,5,0.23205241560935974,0.2000758945941925,1,0.24468806385993958,0.2132309377193451
6,5,0.22118934988975525,0.1901782900094986,1,0.2385716289281845,0.2079884111881256
7,5,0.21142332255840302,0.1812313199043274,1,0.23578989505767822,0.20596569776535034
8,5,0.20251242816448212,0.17299500107765198,1,0.23585079610347748,0.20664118230342865
9,5,0.1950380653142929,0.16607755422592163,1,0.22889256477355957,0.20016179978847504
10,5,0.18797867000102997,0.15945860743522644,1,0.22319895029067993,0.19488020241260529
11,5,0.18165625631809235,0.1534959077835083,1,0.21499548852443695,0.18699730932712555
12,5,0.17539411783218384,0.1475025713443756,1,0.21951745450496674,0.19172917306423187
13,5,0.16980613768100739,0.14213396608829498,1,0.2080422341823578,0.1804550439119339
14,5,0.1648537516593933,0.13736049830913544,1,0.2107076197862625,0.1832900196313858
15,5,0.16119766235351562,0.1338549107313156,1,0.22043615579605103,0.19313998520374298
16,5,0.15557126700878143,0.12835362553596497,1,0.2093275934457779,0.18216070532798767
17,5,0.15295584499835968,0.12584051489830017,1,0.2060706913471222,0.17899367213249207
18,5,0.1479194015264511,0.12088606506586075,1,0.20080341398715973,0.17380215227603912
19,5,0.14509539306163788,0.1181245893239975,1,0.20136260986328125,0.1744142770767212
20,5,0.14207227528095245,0.11515404284000397,1,0.1990310400724411,0.17214173078536987
21,5,0.1388750672340393,0.1120186522603035,1,0.2001161277294159,0.17328232526779175
22,5,0.13632875680923462,0.10952111333608627,1,0.2020493894815445,0.1752486526966095
23,5,0.13397343456745148,0.10720536857843399,1,0.19636617600917816,0.16960883140563965
24,5,0.13071145117282867,0.10398190468549728,1,0.19995684921741486,0.1732506901025772
25,5,0.12888658046722412,0.10218801349401474,1,0.1997349113225937,0.17302188277244568
26,5,0.1266787201166153,0.09998510777950287,1,0.19337177276611328,0.1667095124721527
27,5,0.12423089891672134,0.0975828468799591,1,0.19297923147678375,0.16631363332271576
28,5,0.12237668037414551,0.09574196487665176,1,0.19040736556053162,0.16378432512283325
29,5,0.12051104009151459,0.09390529245138168,1,0.19479815661907196,0.16818808019161224
30,5,0.11968326568603516,0.09308305382728577,1,0.19196385145187378,0.16534210741519928
31,5,0.11808042973279953,0.09148119390010834,1,0.19137270748615265,0.1647704392671585
32,5,0.11601894348859787,0.08942561596632004,1,0.19212216138839722,0.1655336618423462
33,5,0.1151515543460846,0.08857417851686478,1,0.18957608938217163,0.16299057006835938
34,5,0.11327727884054184,0.0867108553647995,1,0.18777510523796082,0.16120502352714539
35,5,0.11096478253602982,0.08442557603120804,1,0.18793348968029022,0.16141138970851898
36,5,0.11062084138393402,0.08409551531076431,1,0.20622819662094116,0.17970101535320282
37,5,0.10863301903009415,0.08211782574653625,1,0.1908591389656067,0.16433510184288025
38,5,0.10745728015899658,0.08095546066761017,1,0.1871267408132553,0.16064129769802094
39,5,0.10615934431552887,0.0796814039349556,1,0.18626722693443298,0.15979892015457153
40,5,0.10609281063079834,0.07963937520980835,1,0.1867179423570633,0.16026906669139862
41,5,0.10365346819162369,0.07722706347703934,1,0.18526910245418549,0.15884707868099213
42,5,0.1038074940443039,0.07738412916660309,1,0.1840580552816391,0.15762537717819214
43,5,0.1026204451918602,0.07621055096387863,1,0.18518322706222534,0.15876887738704681
44,5,0.10058996826410294,0.07419037073850632,1,0.18482647836208344,0.15841667354106903
45,5,0.09999916702508926,0.07360891252756119,1,0.18405361473560333,0.15767446160316467
46,5,0.09910479187965393,0.0727449506521225,1,0.1847061663866043,0.15834590792655945
47,5,0.09844480454921722,0.07209083437919617,1,0.18609930574893951,0.15973533689975739
48,5,0.09773030132055283,0.07138723134994507,1,0.18380695581436157,0.15748222172260284
49,5,0.0966842770576477,0.07037986814975739,1,0.18581105768680573,0.15950742363929749
50,5,0.09574536979198456,0.06945205479860306,1,0.19377851486206055,0.16748939454555511
51,5,0.09581785649061203,0.06954315304756165,1,0.1893921047449112,0.1631174385547638
52,5,0.09498180449008942,0.06872104853391647,1,0.18395790457725525,0.15770232677459717
53,5,0.09369626641273499,0.06745831668376923,1,0.18326975405216217,0.15704277157783508
54,5,0.09302928298711777,0.06681755185127258,1,0.18101194500923157,0.154801145195961
55,5,0.0928240567445755,0.06663713604211807,1,0.18146982789039612,0.15529176592826843
56,5,0.09131832420825958,0.06516603380441666,1,0.18276949226856232,0.156624898314476
57,5,0.09122475981712341,0.06509937345981598,1,0.1830713152885437,0.15695230662822723
58,5,0.0903012603521347,0.06419737637042999,1,0.18148863315582275,0.15539659559726715
59,5,0.09010528773069382,0.06402880698442459,1,0.18541862070560455,0.1593446135520935
60,5,0.08951418101787567,0.06346531212329865,1,0.18829374015331268,0.16224350035190582
61,5,0.08889394253492355,0.06286602467298508,1,0.19306443631649017,0.16704894602298737
62,5,0.08814001083374023,0.06213224306702614,1,0.18308942019939423,0.15707267820835114
63,5,0.0879005491733551,0.06190222501754761,1,0.18016855418682098,0.15417201817035675
64,5,0.08706216514110565,0.06108468025922775,1,0.1800481379032135,0.15407492220401764
65,5,0.08708526939153671,0.061117760837078094,1,0.18201832473278046,0.15604974329471588
66,5,0.08590003848075867,0.05995047464966774,1,0.17935682833194733,0.15342073142528534
67,5,0.08565295487642288,0.059733208268880844,1,0.1820000857114792,0.15608464181423187
68,5,0.08478416502475739,0.05889374017715454,1,0.17877043783664703,0.15289223194122314
69,5,0.08430750668048859,0.05844515562057495,1,0.18284204602241516,0.1569872349500656
70,5,0.08356904238462448,0.05774129927158356,1,0.17962075769901276,0.15380005538463593
71,5,0.08332978934049606,0.057528428733348846,1,0.18068546056747437,0.15488961338996887
72,5,0.08295281231403351,0.05717972666025162,1,0.18122312426567078,0.1554635614156723
73,5,0.08288197964429855,0.05713965743780136,1,0.17772220075130463,0.15199217200279236
74,5,0.08204948902130127,0.056341782212257385,1,0.17945414781570435,0.15375769138336182
75,5,0.08185859024524689,0.05619040131568909,1,0.1787431836128235,0.15308131277561188
76,5,0.08154980093240738,0.055905960500240326,1,0.1784200817346573,0.15277880430221558
77,5,0.08129958808422089,0.055694639682769775,1,0.1792953759431839,0.15369820594787598
78,5,0.08088243007659912,0.05530928075313568,1,0.18119026720523834,0.1556173861026764
79,5,0.08102695643901825,0.055476900190114975,1,0.1827414333820343,0.15719658136367798
80,5,0.0792836919426918,0.05375610664486885,1,0.17856177687644958,0.1530439406633377
81,5,0.07916808873414993,0.053671807050704956,1,0.17815043032169342,0.1526648998260498
82,5,0.07953882962465286,0.054076001048088074,1,0.18068744242191315,0.15522156655788422
83,5,0.07865922898054123,0.05322560295462608,1,0.17916050553321838,0.15374056994915009
84,5,0.07876619696617126,0.053358666598796844,1,0.17821137607097626,0.1528024673461914
85,5,0.07768958806991577,0.05230988189578056,1,0.17751778662204742,0.15215425193309784
86,5,0.07754945009946823,0.05220670625567436,1,0.17880721390247345,0.15345655381679535
87,5,0.07737406343221664,0.05205252394080162,1,0.17623862624168396,0.15092293918132782
88,5,0.07688956707715988,0.05159522593021393,1,0.17887939512729645,0.15359820425510406
89,5,0.07707327604293823,0.05182173475623131,1,0.17804358899593353,0.15279164910316467
90,5,0.07615873962640762,0.050936032086610794,1,0.17892006039619446,0.15370921790599823
91,5,0.07582537084817886,0.05062698572874069,1,0.17691880464553833,0.15173518657684326
92,5,0.07548157870769501,0.05032658204436302,1,0.17712990939617157,0.1519881635904312
93,5,0.07566501945257187,0.0505363754928112,1,0.17620766162872314,0.15108633041381836
94,5,0.07464572042226791,0.04955564811825752,1,0.17620374262332916,0.15112611651420593
95,5,0.07516662031412125,0.050105273723602295,1,0.17602667212486267,0.15097279846668243
96,5,0.07470667362213135,0.04968215897679329,1,0.17856290936470032,0.15355709195137024
97,5,0.07438701391220093,0.049402255564928055,1,0.17731739580631256,0.15234605967998505
98,5,0.07426001876592636,0.04930846020579338,1,0.17765571177005768,0.15270847082138062
99,5,0.07356338948011398,0.04864204674959183,1,0.1781773716211319,0.15327724814414978
0,1,0.5007883310317993,0.4597228467464447,2,0.3250916004180908,0.2899610698223114
1,1,0.3196733891963959,0.28594887256622314,2,0.289597749710083,0.2569936215877533
2,1,0.28423449397087097,0.25243791937828064,2,0.30360931158065796,0.27255919575691223
3,1,0.26295730471611023,0.232512965798378,2,0.28182080388069153,0.251941978931427
4,1,0.2457805871963501,0.21638409793376923,2,0.2466157227754593,0.217681884765625
5,1,0.23320522904396057,0.20467422902584076,2,0.2392498254776001,0.21110382676124573
6,1,0.22275695204734802,0.19494690001010895,2,0.23025751113891602,0.20277558267116547
7,1,0.21238696575164795,0.18518438935279846,2,0.23128022253513336,0.20435070991516113
8,1,0.2063348889350891,0.17963753640651703,2,0.22545412182807922,0.19898267090320587
9,1,0.1971435248851776,0.17086230218410492,2,0.21579119563102722,0.18970507383346558
10,1,0.1899937242269516,0.1640291064977646,2,0.2161322385072708,0.1903265118598938
11,1,0.18234659731388092,0.15666286647319794,2,0.2201172560453415,0.19455580413341522
12,1,0.17548738420009613,0.15005043148994446,2,0.22049520909786224,0.19517333805561066
13,1,0.17193736135959625,0.14670683443546295,2,0.21531353890895844,0.1901666522026062
14,1,0.16593751311302185,0.1408681720495224,2,0.20474711060523987,0.17975574731826782
15,1,0.16104285418987274,0.13611455261707306,2,0.20010708272457123,0.17523303627967834
16,1,0.15752962231636047,0.13270486891269684,2,0.19944310188293457,0.17466942965984344
17,1,0.15311121940612793,0.12838685512542725,2,0.20002172887325287,0.17532978951931
18,1,0.1499815732240677,0.125328928232193,2,0.19916708767414093,0.17455178499221802
19,1,0.14693473279476166,0.1223355382680893,2,0.19679874181747437,0.17222385108470917
20,1,0.14330899715423584,0.11876607686281204,2,0.19532349705696106,0.17080466449260712
21,1,0.14019131660461426,0.11567814648151398,2,0.19388632476329803,0.16936802864074707
22,1,0.13718894124031067,0.11268572509288788,2,0.19642601907253265,0.1719403713941574
23,1,0.1341041773557663,0.10962032526731491,2,0.1887739896774292,0.16428886353969574
24,1,0.1320035755634308,0.10753210633993149,2,0.19484300911426544,0.1703728437423706
25,1,0.1295926868915558,0.10512059926986694,2,0.19481147825717926,0.17033225297927856
26,1,0.12706512212753296,0.10259740054607391,2,0.18919533491134644,0.16472414135932922
27,1,0.1256173849105835,0.10115039348602295,2,0.19087769091129303,0.1664023995399475
28,1,0.12262232601642609,0.09814462810754776,2,0.187874436378479,0.1633957177400589
29,1,0.12188512086868286,0.09739702194929123,2,0.18544329702854156,0.160945326089859
30,1,0.1190764531493187,0.09458118677139282,2,0.18639977276325226,0.16190797090530396
31,1,0.1179753839969635,0.0934528261423111,2,0.18697284162044525,0.16243742406368256
32,1,0.11611347645521164,0.09157758206129074,2,0.18827541172504425,0.163717582821846
33,1,0.11502572894096375,0.09047142416238785,2,0.18625102937221527,0.16168683767318726
34,1,0.11278247833251953,0.08821661025285721,2,0.1854674071073532,0.16089312732219696
35,1,0.11291251331567764,0.08834180980920792,2,0.18561385571956635,0.16102918982505798
36,1,0.11072991043329239,0.086147241294384,2,0.18622376024723053,0.1616242378950119
37,1,0.10868704319000244,0.08408961445093155,2,0.1880255788564682,0.16342410445213318
38,1,0.10786060988903046,0.08327186852693558,2,0.18383640050888062,0.15923947095870972
39,1,0.10651879757642746,0.0819254070520401,2,0.18933585286140442,0.1647508442401886
40,1,0.1057586669921875,0.08117220550775528,2,0.18386788666248322,0.15927761793136597
41,1,0.10487818717956543,0.08027976751327515,2,0.18269871175289154,0.15809309482574463
42,1,0.10321716219186783,0.07861709594726562,2,0.18087460100650787,0.15625989437103271
43,1,0.1021798700094223,0.07757268846035004,2,0.1865287870168686,0.16191838681697845
44,1,0.10145269334316254,0.07685044407844543,2,0.18227891623973846,0.15767288208007812
45,1,0.100468710064888,0.07586358487606049,2,0.1896587610244751,0.1650523543357849
46,1,0.09954296797513962,0.07493342459201813,2,0.18223069608211517,0.15759991109371185
47,1,0.09895000606775284,0.07432468980550766,2,0.18065491318702698,0.15603479743003845
48,1,0.09830296784639359,0.07368072867393494,2,0.18191739916801453,0.15727642178535461
49,1,0.0964130386710167,0.07178995013237,2,0.18079091608524323,0.156177818775177
50,1,0.09636107087135315,0.07176057994365692,2,0.18234330415725708,0.1577381193637848
51,1,0.09547597914934158,0.07087370753288269,2,0.18225440382957458,0.15764661133289337
52,1,0.09468825161457062,0.07007705420255661,2,0.1780627816915512,0.15346507728099823
53,1,0.09425358474254608,0.0696495920419693,2,0.1796819418668747,0.15507453680038452
54,1,0.0935072973370552,0.06891121715307236,2,0.1794929951429367,0.15488620102405548
55,1,0.09274872392416,0.06815288960933685,2,0.179888054728508,0.15529975295066833
56,1,0.09232953190803528,0.06774180382490158,2,0.17932583391666412,0.1547238677740097
57,1,0.09159129858016968,0.0669984295964241,2,0.17814362049102783,0.15355345606803894
58,1,0.09018999338150024,0.06561484187841415,2,0.179285928606987,0.1547204554080963
59,1,0.08959180116653442,0.06503606587648392,2,0.17907588183879852,0.15453003346920013
60,1,0.08896683156490326,0.06443256139755249,2,0.18040627241134644,0.15588144958019257
61,1,0.08907794207334518,0.06455545872449875,2,0.17812491953372955,0.1535969376564026
62,1,0.08925091475248337,0.06473063677549362,2,0.17758190631866455,0.15304704010486603
63,1,0.0875415951013565,0.06302295625209808,2,0.17914287745952606,0.15461117029190063
64,1,0.0872771218419075,0.06276152282953262,2,0.17746978998184204,0.15296639502048492
65,1,0.08642742037773132,0.06193757802248001,2,0.17942295968532562,0.1549416035413742
66,1,0.08606300503015518,0.06160743534564972,2,0.17812466621398926,0.15366573631763458
67,1,0.08624514937400818,0.06179744750261307,2,0.17792780697345734,0.15348166227340698
68,1,0.0859328955411911,0.06148777902126312,2,0.17618824541568756,0.15175467729568481
69,1,0.08511695265769958,0.06069529801607132,2,0.1770508885383606,0.15262597799301147
70,1,0.08417783677577972,0.05977362021803856,2,0.17815326154232025,0.1537483036518097
71,1,0.08385588973760605,0.059467583894729614,2,0.1754273772239685,0.15104742348194122
72,1,0.08331769704818726,0.058964233845472336,2,0.17704811692237854,0.15269361436367035
73,1,0.08362611383199692,0.05928110331296921,2,0.17822490632534027,0.15387362241744995
74,1,0.08199876546859741,0.057666949927806854,2,0.17503809928894043,0.15071552991867065
75,1,0.0824056938290596,0.05810020491480827,2,0.1765287071466446,0.15222638845443726
76,1,0.08195071667432785,0.05767694488167763,2,0.17599353194236755,0.1517297327518463
77,1,0.0810023695230484,0.05675388500094414,2,0.17533278465270996,0.15109266340732574
78,1,0.08177696168422699,0.05754885450005531,2,0.17848420143127441,0.1542552411556244
79,1,0.08038629591464996,0.05617203563451767,2,0.17579784989356995,0.1515914648771286
80,1,0.07972351461648941,0.05553745850920677,2,0.17587999999523163,0.1517125815153122
81,1,0.07983584702014923,0.055671364068984985,2,0.17539314925670624,0.15122270584106445
82,1,0.07996682077646255,0.05581071600317955,2,0.17699438333511353,0.15284422039985657
83,1,0.07865849137306213,0.05452987179160118,2,0.17249296605587006,0.1483723521232605
84,1,0.07804180681705475,0.053947217762470245,2,0.17490367591381073,0.15081889927387238
85,1,0.07792770117521286,0.053862687200307846,2,0.1757248044013977,0.15167348086833954
86,1,0.07817096263170242,0.0541418083012104,2,0.17642353475093842,0.15239317715168
87,1,0.07844693213701248,0.05443115532398224,2,0.17864789068698883,0.15461772680282593
88,1,0.07719755917787552,0.05319209024310112,2,0.1751115471124649,0.15110810101032257
89,1,0.07679630815982819,0.052809204906225204,2,0.17525386810302734,0.1512792706489563
90,1,0.07613322138786316,0.052176933735609055,2,0.17562341690063477,0.1516670137643814
91,1,0.07603145390748978,0.05210486426949501,2,0.17459042370319366,0.1506662368774414
92,1,0.0765431672334671,0.05264134332537651,2,0.1737349033355713,0.14983311295509338
93,1,0.07599102705717087,0.05211254581809044,2,0.1768132746219635,0.152931809425354
94,1,0.07529356330633163,0.051449887454509735,2,0.17594558000564575,0.15210989117622375
95,1,0.0756901204586029,0.051872264593839645,2,0.17611360549926758,0.1522933542728424
96,1,0.07481022924184799,0.051004596054553986,2,0.17380397021770477,0.15000425279140472
97,1,0.07426241785287857,0.050480734556913376,2,0.17412476241588593,0.15035687386989594
98,1,0.07465887069702148,0.05090705677866936,2,0.17472001910209656,0.1509791761636734
99,1,0.0737449899315834,0.05003160983324051,2,0.17416328191757202,0.15046605467796326
0,2,0.48705771565437317,0.4428390562534332,2,0.3299421966075897,0.29071658849716187
1,2,0.31504201889038086,0.2773791253566742,2,0.2921066880226135,0.2557257413864136
2,2,0.28268587589263916,0.24726811051368713,2,0.2736784517765045,0.23915423452854156
3,2,0.2613871991634369,0.22763966023921967,2,0.27452608942985535,0.2415127456188202
4,2,0.2463674247264862,0.21400026977062225,2,0.25372862815856934,0.22196444869041443
5,2,0.2331252247095108,0.20187708735466003,2,0.2433883249759674,0.2126263827085495
6,2,0.22247301042079926,0.19213438034057617,2,0.23993736505508423,0.20999784767627716
7,2,0.2120468020439148,0.18244659900665283,2,0.23611700534820557,0.2068454474210739
8,2,0.20357847213745117,0.17458605766296387,2,0.23017242550849915,0.20145460963249207
9,2,0.19528000056743622,0.16680681705474854,2,0.22661446034908295,0.19837559759616852
10,2,0.18990208208560944,0.1618422418832779,2,0.2274404764175415,0.19956043362617493
11,2,0.18240821361541748,0.1546708643436432,2,0.2175135761499405,0.18990929424762726
12,2,0.17676696181297302,0.1492922306060791,2,0.214565709233284,0.18721544742584229
13,2,0.1700267642736435,0.14279790222644806,2,0.21537093818187714,0.18825243413448334
14,2,0.16558800637722015,0.1385614424943924,2,0.21006104350090027,0.18313001096248627
15,2,0.16095182299613953,0.1340973824262619,2,0.216116800904274,0.1893371194601059
16,2,0.15638749301433563,0.12967750430107117,2,0.20635321736335754,0.17969633638858795
17,2,0.1533656269311905,0.12677235901355743,2,0.20755313336849213,0.1810123324394226
18,2,0.14822116494178772,0.12173864245414734,2,0.20454470813274384,0.1781056821346283
19,2,0.1459382325410843,0.11953108757734299,2,0.20014236867427826,0.17375636100769043
20,2,0.14205718040466309,0.11571496725082397,2,0.2024822235107422,0.1761619746685028
21,2,0.1394607275724411,0.1131807416677475,2,0.20474669337272644,0.1784915179014206
22,2,0.13602754473686218,0.10979517549276352,2,0.19499287009239197,0.16877363622188568
23,2,0.13331834971904755,0.10712699592113495,2,0.1971031129360199,0.17092829942703247
24,2,0.13188651204109192,0.1057213544845581,2,0.20256827771663666,0.17641130089759827
25,2,0.1291542798280716,0.10301406681537628,2,0.198983833193779,0.17285361886024475
26,2,0.1264057606458664,0.1002950668334961,2,0.19949844479560852,0.17339183390140533
27,2,0.1248178631067276,0.09873350709676743,2,0.20999538898468018,0.1839110553264618
28,2,0.12290554493665695,0.09683460742235184,2,0.19346074759960175,0.16738946735858917
29,2,0.12034443765878677,0.09428367018699646,2,0.1896378993988037,0.16357417404651642
30,2,0.11920537799596786,0.09314266592264175,2,0.19077914953231812,0.16471737623214722
31,2,0.11708859354257584,0.0910397469997406,2,0.1905374825000763,0.16449320316314697
32,2,0.11571548134088516,0.08966755121946335,2,0.19143879413604736,0.16537316143512726
33,2,0.1146635115146637,0.08861175924539566,2,0.1887451857328415,0.16268660128116608
34,2,0.1122896745800972,0.08622541278600693,2,0.19148312509059906,0.165405735373497
35,2,0.11134873330593109,0.08527936786413193,2,0.19140037894248962,0.16533078253269196
36,2,0.10984116792678833,0.08378234505653381,2,0.19109830260276794,0.16503791511058807
37,2,0.10946512967348099,0.08339818567037582,2,0.19084425270557404,0.16476371884346008
38,2,0.1069631353020668,0.08089844137430191,2,0.19461046159267426,0.16853703558444977
39,2,0.10626619309186935,0.08020592480897903,2,0.18805338442325592,0.1619909107685089
40,2,0.10555993020534515,0.07950345426797867,2,0.19122004508972168,0.1651564985513687
41,2,0.10403790324926376,0.0779726505279541,2,0.18659333884716034,0.16051146388053894
42,2,0.1024552434682846,0.07638967782258987,2,0.18963338434696198,0.1635601967573166
43,2,0.10336555540561676,0.07729625701904297,2,0.18823549151420593,0.16216275095939636
44,2,0.10048074275255203,0.0744246318936348,2,0.18757331371307373,0.16152195632457733
45,2,0.10052986443042755,0.07449272274971008,2,0.18557268381118774,0.1595388799905777
46,2,0.09906397759914398,0.07303788512945175,2,0.194467693567276,0.16843703389167786
47,2,0.09833212196826935,0.07231041043996811,2,0.1847211867570877,0.15870344638824463
48,2,0.09775584191083908,0.07175591588020325,2,0.18564064800739288,0.15963631868362427
49,2,0.0958925262093544,0.06991825997829437,2,0.1850425899028778,0.1590833216905594
50,2,0.09572022408246994,0.0697733461856842,2,0.1876787394285202,0.16173908114433289
51,2,0.09508438408374786,0.06915868818759918,2,0.18338632583618164,0.1574569046497345
52,2,0.09384147822856903,0.06793667376041412,2,0.19038109481334686,0.16448268294334412
53,2,0.09349742531776428,0.06760227680206299,2,0.184499129652977,0.15860474109649658
54,2,0.09339708089828491,0.06752214580774307,2,0.18616697192192078,0.16029946506023407
55,2,0.0917172059416771,0.06586761027574539,2,0.18387652933597565,0.15802554786205292
56,2,0.09194877743721008,0.06611191481351852,2,0.18456146121025085,0.1587345451116562
57,2,0.09040352702140808,0.06460262835025787,2,0.18553496897220612,0.1597403734922409
58,2,0.08997353166341782,0.06419670581817627,2,0.18357238173484802,0.15779080986976624
59,2,0.0902363583445549,0.06447746604681015,2,0.1821148544549942,0.1563573181629181
60,2,0.0892493948340416,0.0635128989815712,2,0.18144835531711578,0.15571801364421844
61,2,0.08782550692558289,0.06211452558636665,2,0.18137428164482117,0.15568283200263977
62,2,0.0875341147184372,0.061859894543886185,2,0.18121445178985596,0.15555760264396667
63,2,0.08736962080001831,0.06172509491443634,2,0.18224166333675385,0.15660826861858368
64,2,0.0866919457912445,0.06108567863702774,2,0.18651439249515533,0.16090328991413116
65,2,0.08621260523796082,0.060609351843595505,2,0.1808757185935974,0.15528246760368347
66,2,0.08629370480775833,0.060730721801519394,2,0.1816067099571228,0.1560470163822174
67,2,0.08515025675296783,0.05961133539676666,2,0.18437206745147705,0.1588500291109085
68,2,0.0855555385351181,0.06004398688673973,2,0.180040642619133,0.15452902019023895
69,2,0.08395090699195862,0.05845625326037407,2,0.18039807677268982,0.15490750968456268
70,2,0.08386911451816559,0.05840282887220383,2,0.18105944991111755,0.15560756623744965
71,2,0.0828486755490303,0.05741853639483452,2,0.18316052854061127,0.1577504724264145
72,2,0.08266858011484146,0.0572785958647728,2,0.18424980342388153,0.15886108577251434
73,2,0.08295222371816635,0.05757937952876091,2,0.179439976811409,0.1540728509426117
74,2,0.0816207006573677,0.056271083652973175,2,0.1815970093011856,0.15625467896461487
75,2,0.08158118277788162,0.05625554174184799,2,0.18154117465019226,0.1562165915966034
76,2,0.0813048854470253,0.056008320301771164,2,0.17973420023918152,0.15445289015769958
77,2,0.08064813166856766,0.05537662282586098,2,0.18066200613975525,0.1553879976272583
78,2,0.08015407621860504,0.05490374565124512,2,0.18105387687683105,0.15581057965755463
79,2,0.08015508949756622,0.05493520572781563,2,0.18096952140331268,0.1557561159133911
80,2,0.07995705306529999,0.05476956441998482,2,0.17936134338378906,0.15418295562267303
81,2,0.07986447215080261,0.05470797047019005,2,0.18269985914230347,0.15754075348377228
82,2,0.0785185694694519,0.05338913947343826,2,0.1824731081724167,0.15735314786434174
83,2,0.07915379852056503,0.05404025688767433,2,0.18120303750038147,0.15609322488307953
84,2,0.07746756821870804,0.05239123851060867,2,0.17987489700317383,0.15481367707252502
85,2,0.07774578034877777,0.052715517580509186,2,0.17969651520252228,0.15467700362205505
86,2,0.07796367257833481,0.05296986550092697,2,0.17910490930080414,0.15412406623363495
87,2,0.07708366215229034,0.05212317779660225,2,0.17948627471923828,0.15453454852104187
88,2,0.0770791620016098,0.052153538912534714,2,0.1789529025554657,0.15403619408607483
89,2,0.07627550512552261,0.051394231617450714,2,0.1805354803800583,0.15566012263298035
90,2,0.07655501365661621,0.051700789481401443,2,0.17943859100341797,0.15458494424819946
91,2,0.07619627565145493,0.05136935040354729,2,0.182113915681839,0.15730154514312744
92,2,0.07577219605445862,0.05097483843564987,2,0.18011407554149628,0.1553257703781128
93,2,0.0747922882437706,0.05004086345434189,2,0.17876914143562317,0.15403029322624207
94,2,0.07560545206069946,0.05087115988135338,2,0.18385961651802063,0.1591290831565857
95,2,0.07429151982069016,0.04958774521946907,2,0.17785367369651794,0.15316322445869446
96,2,0.07431811839342117,0.04964848980307579,2,0.17905202507972717,0.15439793467521667
97,2,0.07461793720722198,0.04997376352548599,2,0.1845187097787857,0.1598721593618393
98,2,0.0734022930264473,0.04878382757306099,2,0.1782551407814026,0.15364442765712738
99,2,0.07356445491313934,0.048971086740493774,2,0.17672207951545715,0.15213437378406525
0,3,0.4818531572818756,0.43713048100471497,2,0.3315713703632355,0.2919429838657379
1,3,0.31322455406188965,0.2751747965812683,2,0.2952207028865814,0.2584770917892456
2,3,0.28235405683517456,0.24662041664123535,2,0.283754825592041,0.24896442890167236
3,3,0.26101216673851013,0.22702285647392273,2,0.2661900520324707,0.23294977843761444
4,3,0.246493861079216,0.213905468583107,2,0.2528994679450989,0.2209242731332779
5,3,0.23228655755519867,0.20084375143051147,2,0.2524620592594147,0.2215227335691452
6,3,0.22088637948036194,0.19037401676177979,2,0.24263110756874084,0.2125270515680313
7,3,0.211330384016037,0.18156711757183075,2,0.23506851494312286,0.20563113689422607
8,3,0.202845498919487,0.17368048429489136,2,0.22647562623023987,0.19757793843746185
9,3,0.19461952149868011,0.16594408452510834,2,0.2240612655878067,0.1955956369638443
10,3,0.18694385886192322,0.15865224599838257,2,0.21851901710033417,0.19040469825267792
11,3,0.18115897476673126,0.1531955599784851,2,0.21749523282051086,0.18966376781463623
12,3,0.17494061589241028,0.14721503853797913,2,0.21500729024410248,0.18739254772663116
13,3,0.1693629026412964,0.14185570180416107,2,0.21158462762832642,0.18418365716934204
14,3,0.16366508603096008,0.13636738061904907,2,0.20969514548778534,0.18248310685157776
15,3,0.15882058441638947,0.13168995082378387,2,0.20765447616577148,0.18058986961841583
16,3,0.15542413294315338,0.12842266261577606,2,0.20382755994796753,0.17688266932964325
17,3,0.15184135735034943,0.12495331466197968,2,0.20073963701725006,0.17390769720077515
18,3,0.14747528731822968,0.12068532407283783,2,0.20328129827976227,0.1765308827161789
19,3,0.1443524956703186,0.11763293296098709,2,0.20040954649448395,0.17371681332588196
20,3,0.14197248220443726,0.11530584841966629,2,0.20100751519203186,0.17435972392559052
21,3,0.1371065378189087,0.11049322038888931,2,0.20215560495853424,0.17556512355804443
22,3,0.13620194792747498,0.1096075177192688,2,0.20043620467185974,0.17384636402130127
23,3,0.1327487975358963,0.10617155581712723,2,0.19613651931285858,0.16956977546215057
24,3,0.13111534714698792,0.10456467419862747,2,0.19556602835655212,0.1690257042646408
25,3,0.12822602689266205,0.10169482976198196,2,0.19557461142539978,0.1690473109483719
26,3,0.12686921656131744,0.10034041106700897,2,0.1973370760679245,0.17080841958522797
27,3,0.12409771233797073,0.09757529199123383,2,0.19709919393062592,0.1705804467201233
28,3,0.1217978447675705,0.09527133405208588,2,0.19283723831176758,0.1663181632757187
29,3,0.1204603835940361,0.09395871311426163,2,0.19376307725906372,0.16725538671016693
30,3,0.1181613877415657,0.09165250509977341,2,0.19457653164863586,0.16805638372898102
31,3,0.11728107184171677,0.09075916558504105,2,0.1951155662536621,0.16857817769050598
32,3,0.11474551260471344,0.08822178095579147,2,0.19715343415737152,0.17061984539031982
33,3,0.11363264918327332,0.0871136263012886,2,0.19255861639976501,0.1660415381193161
34,3,0.1123945415019989,0.0858750268816948,2,0.19346436858177185,0.1669359803199768
35,3,0.11105887591838837,0.08454959094524384,2,0.189376100897789,0.16286244988441467
36,3,0.1100824698805809,0.08357642590999603,2,0.1895187646150589,0.16302335262298584
37,3,0.10899204760789871,0.08249663561582565,2,0.18977974355220795,0.16327206790447235
38,3,0.10772746056318283,0.08121998608112335,2,0.1890059858560562,0.16249464452266693
39,3,0.10588429123163223,0.07938890159130096,2,0.18792317807674408,0.16141946613788605
40,3,0.10506336390972137,0.07857341319322586,2,0.19144806265830994,0.16495266556739807
41,3,0.10435500741004944,0.07787109166383743,2,0.18675029277801514,0.16026461124420166
42,3,0.10305284708738327,0.07657904922962189,2,0.18640220165252686,0.15991830825805664
43,3,0.10208173841238022,0.07561416178941727,2,0.1875331997871399,0.1610688865184784
44,3,0.1006830707192421,0.07423639297485352,2,0.18571552634239197,0.1592671424150467
45,3,0.10049989819526672,0.07406019419431686,2,0.1856972575187683,0.15925131738185883
46,3,0.09817807376384735,0.07174807786941528,2,0.18726037442684174,0.16084487736225128
47,3,0.09845611453056335,0.07205236703157425,2,0.1847197413444519,0.15831732749938965
48,3,0.09762439876794815,0.07122137397527695,2,0.18741950392723083,0.161002054810524
49,3,0.09666687250137329,0.07025942206382751,2,0.19345302879810333,0.16704238951206207
50,3,0.09593207389116287,0.06954678148031235,2,0.18379664421081543,0.15740859508514404
51,3,0.09491711109876633,0.06854816526174545,2,0.18888355791568756,0.16251946985721588
52,3,0.0947958379983902,0.06843666732311249,2,0.18394729495048523,0.15758025646209717
53,3,0.09367942810058594,0.06732161343097687,2,0.18530645966529846,0.15895365178585052
54,3,0.09294726699590683,0.06661933660507202,2,0.1920526623725891,0.165727436542511
55,3,0.09223336726427078,0.06592293083667755,2,0.18372900784015656,0.15741507709026337
56,3,0.091378353536129,0.06508743017911911,2,0.18395796418190002,0.15767525136470795
57,3,0.09140753000974655,0.06514512002468109,2,0.1851479560136795,0.15888917446136475
58,3,0.09033061563968658,0.06408429145812988,2,0.1872076541185379,0.16096998751163483
59,3,0.09015628695487976,0.06392929702997208,2,0.18210896849632263,0.1558769941329956
60,3,0.08915773779153824,0.06294847279787064,2,0.18098409473896027,0.1547880619764328
61,3,0.08729947358369827,0.06112910807132721,2,0.18476969003677368,0.15860703587532043
62,3,0.08812074363231659,0.06198032200336456,2,0.18381594121456146,0.1576772779226303
63,3,0.08794834464788437,0.06182568892836571,2,0.18201544880867004,0.15589185059070587
64,3,0.08736295998096466,0.06125594303011894,2,0.18185055255889893,0.1557435244321823
65,3,0.08716889470815659,0.06107914820313454,2,0.1876082420349121,0.16151830554008484
66,3,0.08565269410610199,0.059592630714178085,2,0.1819828748703003,0.15593691170215607
67,3,0.08564234524965286,0.059609949588775635,2,0.1823100745677948,0.15629126131534576
68,3,0.08500590920448303,0.05900390446186066,2,0.18074005842208862,0.15474197268486023
69,3,0.08453948050737381,0.058549974113702774,2,0.193255215883255,0.16727888584136963
70,3,0.08370982110500336,0.057758212089538574,2,0.18016374111175537,0.15422393381595612
71,3,0.08361902087926865,0.057697050273418427,2,0.17945493757724762,0.15353019535541534
72,3,0.08312461525201797,0.05722670629620552,2,0.17972443997859955,0.15383924543857574
73,3,0.08284246176481247,0.056985583156347275,2,0.17949338257312775,0.1536472886800766
74,3,0.08222820609807968,0.0564122349023819,2,0.18013684451580048,0.15432250499725342
75,3,0.08211600035429001,0.05632296949625015,2,0.17958104610443115,0.15379929542541504
76,3,0.08162746578454971,0.05586523562669754,2,0.18244129419326782,0.15669232606887817
77,3,0.08092658221721649,0.0551910363137722,2,0.18171803653240204,0.15599028766155243
78,3,0.08060581982135773,0.054895978420972824,2,0.1806498020887375,0.15494000911712646
79,3,0.08054980635643005,0.05485738813877106,2,0.18118330836296082,0.1554991900920868
80,3,0.07963520288467407,0.053970105946063995,2,0.18113845586776733,0.1554878205060959
81,3,0.07992924004793167,0.05428621917963028,2,0.18080881237983704,0.1551716923713684
82,3,0.07854443043470383,0.05294370278716087,2,0.1801123321056366,0.15453273057937622
83,3,0.07861858606338501,0.0530635342001915,2,0.18027347326278687,0.15473239123821259
84,3,0.07837230712175369,0.05285682901740074,2,0.17880742251873016,0.1532941311597824
85,3,0.07818371802568436,0.05269501358270645,2,0.1814946085214615,0.15602342784404755
86,3,0.07759533077478409,0.05214163661003113,2,0.18048904836177826,0.155045285820961
87,3,0.07786203920841217,0.0524401031434536,2,0.18252818286418915,0.1571190506219864
88,3,0.07721196115016937,0.05182698741555214,2,0.17780648171901703,0.15243197977542877
89,3,0.07690218836069107,0.05154425650835037,2,0.1780122071504593,0.15265657007694244
90,3,0.07633873075246811,0.05101052671670914,2,0.17992062866687775,0.1546095758676529
91,3,0.0761912614107132,0.05090213567018509,2,0.1776691973209381,0.15239226818084717
92,3,0.07635418325662613,0.05110061541199684,2,0.1790238916873932,0.15375664830207825
93,3,0.07580957561731339,0.050567690283060074,2,0.1772780865430832,0.15204210579395294
94,3,0.07497020810842514,0.04976272955536842,2,0.180050790309906,0.15484996140003204
95,3,0.07525677978992462,0.05008557438850403,2,0.17873381078243256,0.15356507897377014
96,3,0.07461478561162949,0.049471091479063034,2,0.17765368521213531,0.15252283215522766
97,3,0.07428601384162903,0.04918332397937775,2,0.17967019975185394,0.15458565950393677
98,3,0.07429704815149307,0.04923336207866669,2,0.1783115118741989,0.15323428809642792
99,3,0.07380591332912445,0.04876459762454033,2,0.17741423845291138,0.15239572525024414
0,4,0.4873197376728058,0.4432189166545868,2,0.32744428515434265,0.28831470012664795
1,4,0.31420785188674927,0.2766386568546295,2,0.2970969080924988,0.26080310344696045
2,4,0.28216156363487244,0.24685265123844147,2,0.32424652576446533,0.28983888030052185
3,4,0.26007774472236633,0.22645390033721924,2,0.2944187819957733,0.2615273594856262
4,4,0.24576640129089355,0.21352075040340424,2,0.2629616856575012,0.23131884634494781
5,4,0.23293446004390717,0.20180583000183105,2,0.24048136174678802,0.20984824001789093
6,4,0.22185494005680084,0.19163943827152252,2,0.23544467985630035,0.20563198626041412
7,4,0.21209289133548737,0.18260715901851654,2,0.23222216963768005,0.20305268466472626
8,4,0.2031513899564743,0.17425349354743958,2,0.2293044924736023,0.20065921545028687
9,4,0.1956118941307068,0.16719460487365723,2,0.22112369537353516,0.19291070103645325
10,4,0.18837644159793854,0.16036532819271088,2,0.23034553229808807,0.2025100737810135
11,4,0.18249084055423737,0.15479731559753418,2,0.22269216179847717,0.1951342076063156
12,4,0.17638877034187317,0.14894747734069824,2,0.208438903093338,0.18111436069011688
13,4,0.16968189179897308,0.14247146248817444,2,0.21568173170089722,0.18856577575206757
14,4,0.16597941517829895,0.1389407068490982,2,0.2083667814731598,0.1814192533493042
15,4,0.16076476871967316,0.13387899100780487,2,0.20933261513710022,0.18251894414424896
16,4,0.15624171495437622,0.12948890030384064,2,0.2131958156824112,0.18650032579898834
17,4,0.15187793970108032,0.12524235248565674,2,0.20173892378807068,0.17515778541564941
18,4,0.1487957388162613,0.1222582757472992,2,0.20535358786582947,0.17885050177574158
19,4,0.14557430148124695,0.11911235749721527,2,0.1979459971189499,0.17150664329528809
20,4,0.14182141423225403,0.1154324933886528,2,0.2010517418384552,0.174688920378685
21,4,0.13892163336277008,0.1125824898481369,2,0.19508612155914307,0.16877152025699615
22,4,0.1354304999113083,0.10914328694343567,2,0.19605979323387146,0.16978640854358673
23,4,0.13296130299568176,0.10670759528875351,2,0.19415637850761414,0.16790176928043365
24,4,0.13154929876327515,0.10532329231500626,2,0.19500765204429626,0.1688007414340973
25,4,0.12847037613391876,0.10227843374013901,2,0.19182448089122772,0.16563622653484344
26,4,0.12696723639965057,0.100786492228508,2,0.19401057064533234,0.16782717406749725
27,4,0.1240340918302536,0.0978611409664154,2,0.1945725679397583,0.16840015351772308
28,4,0.12214801460504532,0.09600265324115753,2,0.19483458995819092,0.16870658099651337
29,4,0.12069564312696457,0.09456983953714371,2,0.19476380944252014,0.16863101720809937
30,4,0.11880161613225937,0.0926802009344101,2,0.19330260157585144,0.16718508303165436
31,4,0.11699768900871277,0.09089216589927673,2,0.18810714781284332,0.1619984209537506
32,4,0.11542560160160065,0.08932839334011078,2,0.19681188464164734,0.17072297632694244
33,4,0.11340543627738953,0.08733486384153366,2,0.19250726699829102,0.16642993688583374
34,4,0.11287423223257065,0.08679495006799698,2,0.1887972205877304,0.16270631551742554
35,4,0.11116717010736465,0.08508433401584625,2,0.1871207356452942,0.16103193163871765
36,4,0.10927361994981766,0.0831989273428917,2,0.1927671581506729,0.16668520867824554
37,4,0.109080009162426,0.08300358802080154,2,0.1954004168510437,0.16931794583797455
38,4,0.10674378275871277,0.08066034317016602,2,0.1894352287054062,0.16336064040660858
39,4,0.1054198294878006,0.07935681194067001,2,0.19006450474262238,0.16399963200092316
40,4,0.1053629219532013,0.07930032163858414,2,0.18634799122810364,0.16029179096221924
41,4,0.10373203456401825,0.07768647372722626,2,0.18483304977416992,0.15878869593143463
42,4,0.102152019739151,0.076119564473629,2,0.18797935545444489,0.16195152699947357
43,4,0.10177946090698242,0.07575944811105728,2,0.18759532272815704,0.16157543659210205
44,4,0.10031946748495102,0.07432009279727936,2,0.1856725662946701,0.15967683494091034
45,4,0.09969901293516159,0.07370423525571823,2,0.19166849553585052,0.16567407548427582
46,4,0.09839688986539841,0.07240451127290726,2,0.1837754100561142,0.15779341757297516
47,4,0.09784068167209625,0.07186616212129593,2,0.1852443367242813,0.1592704951763153
48,4,0.0973271057009697,0.0713604986667633,2,0.18465754389762878,0.15869241952896118
49,4,0.096568763256073,0.07060682773590088,2,0.18263985216617584,0.1566753089427948
50,4,0.09524262696504593,0.0692908838391304,2,0.1816565841436386,0.15571559965610504
51,4,0.09503054618835449,0.06910596787929535,2,0.1821071058511734,0.15617606043815613
52,4,0.09351090341806412,0.06758711487054825,2,0.1823350340127945,0.15640781819820404
53,4,0.09385255724191666,0.06794346123933792,2,0.18470147252082825,0.15879298746585846
54,4,0.09286561608314514,0.06696809083223343,2,0.18244531750679016,0.15654920041561127
55,4,0.09178998321294785,0.06591952592134476,2,0.183809295296669,0.157938614487648
56,4,0.09106412529945374,0.06521781533956528,2,0.18611571192741394,0.1602870672941208
57,4,0.09080053120851517,0.0649891048669815,2,0.1830696165561676,0.1572611778974533
58,4,0.09034320712089539,0.06454288959503174,2,0.18192404508590698,0.15612225234508514
59,4,0.08887072652578354,0.06308848410844803,2,0.18168708682060242,0.15590715408325195
60,4,0.08794605731964111,0.0621834434568882,2,0.18234603106975555,0.1565903127193451
61,4,0.08779298514127731,0.062055554240942,2,0.18107479810714722,0.15533462166786194
62,4,0.08739747107028961,0.06168180704116821,2,0.18466266989707947,0.15895329415798187
63,4,0.08733642101287842,0.06163548678159714,2,0.18056227266788483,0.15485502779483795
64,4,0.08662354946136475,0.06093713268637657,2,0.1834179013967514,0.15773089230060577
65,4,0.08607681095600128,0.06041615456342697,2,0.18154482543468475,0.15588714182376862
66,4,0.08565370738506317,0.0600133091211319,2,0.18134061992168427,0.15571075677871704
67,4,0.08446160703897476,0.05884496867656708,2,0.18096128106117249,0.15534716844558716
68,4,0.08479898422956467,0.05920017138123512,2,0.18652284145355225,0.1609220951795578
69,4,0.08444301038980484,0.05884825438261032,2,0.1790090948343277,0.15341955423355103
70,4,0.08276689052581787,0.057195134460926056,2,0.1797616332769394,0.15419843792915344
71,4,0.08333523571491241,0.057794950902462006,2,0.18331915140151978,0.15778306126594543
72,4,0.08278580009937286,0.0572710745036602,2,0.183545783162117,0.1580306738615036
73,4,0.08306089043617249,0.057567816227674484,2,0.18273597955703735,0.15725460648536682
74,4,0.08167766779661179,0.056214235723018646,2,0.18139733374118805,0.1559327244758606
75,4,0.081810362637043,0.0563700795173645,2,0.17902392148971558,0.15359041094779968
76,4,0.08136413246393204,0.055946364998817444,2,0.182329922914505,0.15691836178302765
77,4,0.08053373545408249,0.05514131113886833,2,0.180313378572464,0.15492339432239532
78,4,0.08066500723361969,0.05529105290770531,2,0.18125833570957184,0.15588487684726715
79,4,0.0806749165058136,0.055316753685474396,2,0.18147437274456024,0.15612304210662842
80,4,0.07892723381519318,0.053601883351802826,2,0.18095970153808594,0.15564922988414764
81,4,0.07873165607452393,0.05344429984688759,2,0.17809265851974487,0.15280960500240326
82,4,0.07896441966295242,0.05369667708873749,2,0.1789863109588623,0.15372684597969055
83,4,0.07900557667016983,0.053765568882226944,2,0.1797928810119629,0.15455517172813416
84,4,0.07822715491056442,0.053002070635557175,2,0.18026460707187653,0.15504437685012817
85,4,0.07767696678638458,0.052484720945358276,2,0.17963972687721252,0.15445677936077118
86,4,0.07823893427848816,0.05306253582239151,2,0.1810242086648941,0.1558513194322586
87,4,0.07712853699922562,0.05197190120816231,2,0.1790464073419571,0.15389595925807953
88,4,0.07726331800222397,0.05212705582380295,2,0.17853038012981415,0.15340092778205872
89,4,0.07715984433889389,0.05205835402011871,2,0.18511371314525604,0.16002218425273895
90,4,0.07566294074058533,0.0506092831492424,2,0.179703488945961,0.1546657383441925
91,4,0.07599711418151855,0.05097319930791855,2,0.17976146936416626,0.15475158393383026
92,4,0.07571311295032501,0.05071934685111046,2,0.17825742065906525,0.1532749980688095
93,4,0.07566825300455093,0.050711069256067276,2,0.17849214375019073,0.15354229509830475
94,4,0.07498209178447723,0.050059184432029724,2,0.17787356674671173,0.15295548737049103
95,4,0.07505536824464798,0.05015735700726509,2,0.17879994213581085,0.15391159057617188
96,4,0.07443426549434662,0.04955971986055374,2,0.1785202920436859,0.15366271138191223
97,4,0.07391942292451859,0.04908440262079239,2,0.17766836285591125,0.15284894406795502
98,4,0.07390224188566208,0.04909369349479675,2,0.17911997437477112,0.15430958569049835
99,4,0.07334553450345993,0.0485684834420681,2,0.17541274428367615,0.15065273642539978
0,5,0.4764137268066406,0.43104156851768494,2,0.40226006507873535,0.36185574531555176
1,5,0.31450125575065613,0.27573469281196594,2,0.29671362042427063,0.25932642817497253
2,5,0.2824802100658417,0.24618475139141083,2,0.2806403338909149,0.24534592032432556
3,5,0.26074662804603577,0.22628378868103027,2,0.270097553730011,0.23641332983970642
4,5,0.24663090705871582,0.21362149715423584,2,0.256899893283844,0.2245159149169922
5,5,0.23187406361103058,0.20003074407577515,2,0.24923445284366608,0.21792110800743103
6,5,0.2206941545009613,0.18982304632663727,2,0.23668022453784943,0.20622584223747253
7,5,0.21190296113491058,0.18182538449764252,2,0.24233008921146393,0.21261094510555267
8,5,0.2023542821407318,0.17293702065944672,2,0.23368161916732788,0.20455904304981232
9,5,0.19548027217388153,0.16662052273750305,2,0.22230826318264008,0.1936914026737213
10,5,0.1883266568183899,0.1599179357290268,2,0.2191709578037262,0.19095854461193085
11,5,0.1815834939479828,0.15353593230247498,2,0.22228312492370605,0.19440273940563202
12,5,0.17497165501117706,0.1472344696521759,2,0.21407870948314667,0.18646639585494995
13,5,0.17022357881069183,0.14273367822170258,2,0.2141503542661667,0.1867704540491104
14,5,0.16454820334911346,0.13727809488773346,2,0.21003252267837524,0.18285614252090454
15,5,0.16056466102600098,0.13347455859184265,2,0.21023236215114594,0.1832072138786316
16,5,0.15564149618148804,0.12868492305278778,2,0.20948821306228638,0.18258915841579437
17,5,0.15207159519195557,0.12521924078464508,2,0.20467250049114227,0.17787547409534454
18,5,0.1482732743024826,0.12154476344585419,2,0.2031218558549881,0.1764470636844635
19,5,0.14402969181537628,0.11739622801542282,2,0.1997259110212326,0.1731337159872055
20,5,0.14170663058757782,0.11515546590089798,2,0.20109423995018005,0.17457793653011322
21,5,0.13873131573200226,0.11224592477083206,2,0.20559442043304443,0.17912667989730835
22,5,0.1363721489906311,0.1099417433142662,2,0.19718335568904877,0.17078502476215363
23,5,0.13305509090423584,0.10668035596609116,2,0.19849132001399994,0.1721351593732834
24,5,0.1303979903459549,0.10406097024679184,2,0.19966886937618256,0.17334416508674622
25,5,0.12822651863098145,0.10191729664802551,2,0.19661720097064972,0.17030523717403412
26,5,0.12596987187862396,0.09967193007469177,2,0.19698366522789001,0.17069563269615173
27,5,0.1245252788066864,0.09825389087200165,2,0.19776687026023865,0.17149826884269714
28,5,0.12220499664545059,0.09594359993934631,2,0.19530336558818817,0.16903533041477203
29,5,0.1195782795548439,0.09333091974258423,2,0.19136996567249298,0.16512338817119598
30,5,0.11884332448244095,0.09260346740484238,2,0.19077296555042267,0.16452556848526
31,5,0.1172405332326889,0.09099967032670975,2,0.19096443057060242,0.16471326351165771
32,5,0.11505769938230515,0.0888248085975647,2,0.18999925255775452,0.1637781262397766
33,5,0.11426644772291183,0.08805827796459198,2,0.19044162333011627,0.16424059867858887
34,5,0.1128336638212204,0.08663363754749298,2,0.19034215807914734,0.16413910686969757
35,5,0.1104658767580986,0.08427219837903976,2,0.19814881682395935,0.17195771634578705
36,5,0.10946082323789597,0.08329086750745773,2,0.1917855143547058,0.16561226546764374
37,5,0.10807203501462936,0.08190817385911942,2,0.1877504289150238,0.16159266233444214
38,5,0.10751962661743164,0.08136904239654541,2,0.18730032444000244,0.16113658249378204
39,5,0.10606103390455246,0.07990074902772903,2,0.18979193270206451,0.16362711787223816
40,5,0.10457806289196014,0.07842819392681122,2,0.18403393030166626,0.15787667036056519
41,5,0.10431202501058578,0.0781676396727562,2,0.18800903856754303,0.1618523895740509
42,5,0.10309558361768723,0.0769573450088501,2,0.1870356649160385,0.16090832650661469
43,5,0.10143834352493286,0.07530420273542404,2,0.1872488260269165,0.16110540926456451
44,5,0.10104082524776459,0.07492664456367493,2,0.1846359372138977,0.15852580964565277
45,5,0.0996292307972908,0.07352165132761002,2,0.1851397603750229,0.15903015434741974
46,5,0.09979485720396042,0.07368059456348419,2,0.18867580592632294,0.1625591367483139
47,5,0.09817910194396973,0.07207587361335754,2,0.1832055002450943,0.15709935128688812
48,5,0.09708774089813232,0.07098662108182907,2,0.18453946709632874,0.1584281474351883
49,5,0.09654154628515244,0.0704459473490715,2,0.18618598580360413,0.16009683907032013
50,5,0.09608850628137589,0.07001825422048569,2,0.18387985229492188,0.1578170657157898
51,5,0.09521721303462982,0.06917016953229904,2,0.1846044957637787,0.15856057405471802
52,5,0.094509057700634,0.06848540157079697,2,0.18500471115112305,0.1589789092540741
53,5,0.09285827726125717,0.0668441578745842,2,0.18237876892089844,0.1563645601272583
54,5,0.09268230199813843,0.06668739020824432,2,0.18533429503440857,0.15934155881404877
55,5,0.09229939430952072,0.06634286791086197,2,0.18278823792934418,0.15684294700622559
56,5,0.0919211208820343,0.06599106639623642,2,0.18291155993938446,0.15698543190956116
57,5,0.09135852009057999,0.06544066220521927,2,0.18297624588012695,0.15706773102283478
58,5,0.09012585878372192,0.06423353403806686,2,0.18726465106010437,0.161368727684021
59,5,0.09030090272426605,0.06442349404096603,2,0.1840602159500122,0.15817995369434357
60,5,0.08913877606391907,0.06328033655881882,2,0.18206286430358887,0.15619361400604248
61,5,0.08772342652082443,0.061871934682130814,2,0.183816596865654,0.15797576308250427
62,5,0.08781109750270844,0.06198893114924431,2,0.18240679800510406,0.15658897161483765
63,5,0.08715444058179855,0.0613461397588253,2,0.18139547109603882,0.15559792518615723
64,5,0.08676905184984207,0.06099418178200722,2,0.18999946117401123,0.16423538327217102
65,5,0.086072638630867,0.060327596962451935,2,0.18054091930389404,0.15479867160320282
66,5,0.08643186092376709,0.060703832656145096,2,0.1824141889810562,0.15668374300003052
67,5,0.08472907543182373,0.05901956185698509,2,0.1881256103515625,0.162431001663208
68,5,0.08476224541664124,0.05908055976033211,2,0.18111692368984222,0.15543441474437714
69,5,0.08466822654008865,0.05900334566831589,2,0.1805388629436493,0.1548680067062378
70,5,0.08372422307729721,0.05806729942560196,2,0.1799618899822235,0.15432728826999664
71,5,0.0832478478550911,0.05763509124517441,2,0.18167996406555176,0.15605710446834564
72,5,0.08310142159461975,0.05750484764575958,2,0.181013822555542,0.15543079376220703
73,5,0.0827089473605156,0.05714662745594978,2,0.18325304985046387,0.15769962966442108
74,5,0.08208420872688293,0.05654891952872276,2,0.18051768839359283,0.1549866944551468
75,5,0.08149020373821259,0.05597872659564018,2,0.17931948602199554,0.15381334722042084
76,5,0.08125555515289307,0.05576614663004875,2,0.17983384430408478,0.1543523669242859
77,5,0.08123674243688583,0.05576515942811966,2,0.17979365587234497,0.15433263778686523
78,5,0.08048482239246368,0.05504577234387398,2,0.17851732671260834,0.15308988094329834
79,5,0.08015339821577072,0.054758161306381226,2,0.1790279597043991,0.15364132821559906
80,5,0.07997870445251465,0.054623644798994064,2,0.17760859429836273,0.15226078033447266
81,5,0.07960056513547897,0.05428097024559975,2,0.1785789430141449,0.1532781571149826
82,5,0.07904624938964844,0.05375608801841736,2,0.18145149946212769,0.15617409348487854
83,5,0.07885128259658813,0.05359345301985741,2,0.18132580816745758,0.1560741662979126
84,5,0.07914905995130539,0.053916942328214645,2,0.17734992504119873,0.15210586786270142
85,5,0.0774059072136879,0.05219419300556183,2,0.17742033302783966,0.15222899615764618
86,5,0.07720410078763962,0.05204663425683975,2,0.1776469498872757,0.1525021642446518
87,5,0.07777538895606995,0.052647169679403305,2,0.18032081425189972,0.1552007496356964
88,5,0.07771116495132446,0.05260070785880089,2,0.18551111221313477,0.1604030728340149
89,5,0.07667429745197296,0.05158687382936478,2,0.17936639487743378,0.15429432690143585
90,5,0.07643656432628632,0.051386088132858276,2,0.17926707863807678,0.15421485900878906
91,5,0.07551782578229904,0.05049724504351616,2,0.17839503288269043,0.15339374542236328
92,5,0.07553225755691528,0.05056758597493172,2,0.18045495450496674,0.15550853312015533
93,5,0.07541497051715851,0.05048265680670738,2,0.17886526882648468,0.153940811753273
94,5,0.07443760335445404,0.049547601491212845,2,0.1777237504720688,0.1528584212064743
95,5,0.0753154456615448,0.050468917936086655,2,0.17965756356716156,0.15482155978679657
96,5,0.07456424087285995,0.049744702875614166,2,0.17889414727687836,0.15407922863960266
97,5,0.07426516711711884,0.04947291314601898,2,0.18027189373970032,0.15549348294734955
98,5,0.07406939566135406,0.04930546507239342,2,0.17871113121509552,0.15396250784397125
99,5,0.0738469734787941,0.04911350458860397,2,0.17795704305171967,0.15322917699813843
