element,0,1,2,3,4,5,6,7,8,9,10,11,12,13,14,15,16,17,18,19,20,21,22,23,24,25,26,27,28,29
H,0.04353832080960274,-1.3572733402252197,0.04591678828001022,0.053533971309661865,0.020851124078035355,-0.1900685727596283,1.4829992055892944,0.47768422961235046,0.28215646743774414,-0.06790366768836975,-0.0446166917681694,0.1506718397140503,0.07467306405305862,-0.22141185402870178,-0.14028261601924896,-0.008504563011229038,-0.028146598488092422,-0.21981826424598694,-0.2768366038799286,0.5095567107200623,1.8538461923599243,0.6779508590698242,-0.13924896717071533,0.7651804685592651,-0.5186730027198792,-0.8286159038543701,-0.0721520334482193,-0.10400918871164322,-0.37711429595947266,0.2961874008178711
Li,0.3864307403564453,-1.323517918586731,-0.4025309979915619,-0.39202672243118286,0.6407833695411682,-0.26788005232810974,0.07893288135528564,0.8038429021835327,0.43017908930778503,0.10513665527105331,-0.7913638353347778,-0.6656171083450317,0.16770155727863312,-0.25896692276000977,-0.042325735092163086,0.19780883193016052,-0.06857664883136749,-0.6042953133583069,0.3705117404460907,0.2163679003715515,-0.15392188727855682,-1.088057518005371,-0.4318135678768158,-0.7871014475822449,0.4318746328353882,-1.4719067811965942,-0.3459233045578003,-0.43580836057662964,-0.19427606463432312,0.838787317276001
Be,-0.250629723072052,-0.27663835883140564,0.2887082099914551,0.22456100583076477,-0.7034844756126404,0.1680908054113388,0.2012639194726944,0.14122731983661652,0.3475865125656128,0.6407263278961182,-0.2609000504016876,0.18569308519363403,0.13217590749263763,-0.16355857253074646,0.11118243634700775,-0.06788735836744308,-0.018234888091683388,-0.089168980717659,0.1582823395729065,1.2276487350463867,0.627643346786499,-1.626777172088623,0.6351704001426697,0.3804130554199219,-1.9208256006240845,-0.8674985766410828,-1.1369459629058838,0.06790801137685776,-0.5207793712615967,0.1681375503540039
B,0.16745628416538239,-0.09187031537294388,-0.2925891578197479,0.050921481102705,-1.4120025634765625,-0.09760798513889313,-0.1164269745349884,1.3339977264404297,0.28115811944007874,0.3937857449054718,-0.11454468965530396,-0.12409596145153046,0.08286704868078232,-0.2146652787923813,0.17088863253593445,0.1811951845884323,-0.12090837955474854,0.17652946710586548,-0.626939058303833,-0.019493266940116882,1.3328381776809692,-0.6376473903656006,-0.3331162631511688,1.3013883829116821,0.16437289118766785,-0.539370059967041,-0.07253734022378922,0.027791742235422134,-0.22114074230194092,-0.949826180934906
C,0.5074283480644226,-0.9155321717262268,0.06621342897415161,-0.1776411384344101,-0.9187003374099731,-0.05394561588764191,-1.5313713550567627,-0.08739802241325378,-0.025247516110539436,0.11500833183526993,-0.12824684381484985,0.28663110733032227,0.16284379363059998,-0.12983830273151398,0.21248523890972137,0.15197892487049103,-0.08267660439014435,0.14546379446983337,0.02632426843047142,0.939130961894989,1.462719202041626,-0.02029968425631523,-0.08485099673271179,0.7582237720489502,0.32878029346466064,0.03174033761024475,0.39067983627319336,-0.033319901674985886,0.3296997547149658,0.07909616827964783
N,0.09155402332544327,-0.5186083316802979,-0.21894261240959167,0.07948843389749527,0.07456561923027039,0.1563606560230255,-0.7991011142730713,-0.48426657915115356,-0.11973675340414047,0.16102632880210876,-0.181732177734375,-0.4102737009525299,0.3426961898803711,-0.18238720297813416,-0.1967753916978836,-0.13791018724441528,-0.3957517743110657,-0.7116356492042542,0.19720005989074707,0.41083240509033203,1.1228303909301758,0.1510763019323349,-0.33284375071525574,0.1837378740310669,-0.12685924768447876,1.1856067180633545,-0.323175847530365,-0.17873841524124146,-0.7395761609077454,0.10623368620872498
O,0.1278473138809204,-0.1639479696750641,-0.07171349227428436,0.0864362046122551,-0.032228805124759674,0.08578605204820633,-0.20571564137935638,0.052737340331077576,0.07279689610004425,0.07586833834648132,-0.09564588963985443,-0.08459750562906265,0.13121694326400757,-0.11152487993240356,-0.014260735362768173,0.025618137791752815,-0.10186927020549774,-0.20194190740585327,0.10053819417953491,0.23955367505550385,0.12106047570705414,0.023390846326947212,-0.3753654956817627,0.08894599229097366,0.04267047345638275,2.2590172290802,-0.10333772003650665,-0.10708924382925034,-0.2023034244775772,0.11180785298347473
F,0.14474861323833466,0.18363167345523834,-0.03009709343314171,0.08968132734298706,0.2960788905620575,0.08481879532337189,0.07498550415039062,0.43136438727378845,0.050907883793115616,-0.08583901822566986,-0.09779947996139526,0.03862244635820389,0.06696293503046036,-0.03682122379541397,0.007975449785590172,0.02550056017935276,-0.16031837463378906,-0.45643138885498047,0.5258981585502625,0.2905319333076477,0.3540154695510864,0.04726734012365341,1.7112247943878174,0.1968754231929779,0.09085481613874435,2.6839370727539062,-0.04173412546515465,-0.06686066836118698,0.2803467810153961,-0.08733358979225159
Na,0.18389703333377838,-0.8709694147109985,0.12194673717021942,0.10182905197143555,1.6098653078079224,-1.3740333318710327,0.19273240864276886,0.22698694467544556,0.16845571994781494,0.39937925338745117,0.11351875960826874,0.3446798026561737,-0.1958327740430832,-0.5850110650062561,0.07901504635810852,0.16070228815078735,-0.8218400478363037,-0.158853679895401,-0.3788128197193146,0.22592727839946747,0.20721553266048431,-1.02825927734375,-1.1432616710662842,-1.4477100372314453,0.5777468681335449,-1.9039157629013062,-0.42687588930130005,-0.15305982530117035,-0.1092333048582077,1.0628025531768799
Mg,-0.02124069258570671,-0.23874478042125702,0.2022058665752411,0.1363828182220459,0.024230249226093292,0.26171231269836426,-0.2090039849281311,0.03094516322016716,0.13440611958503723,0.2413734346628189,0.027667906135320663,0.09551998972892761,-0.01925831474363804,-0.17711132764816284,0.13517878949642181,0.10734012722969055,-0.07071296125650406,-0.6530348658561707,0.046732477843761444,-1.728573203086853,0.007841236889362335,-0.2666063606739044,-0.5776561498641968,-0.12810532748699188,-0.18005946278572083,-0.658659815788269,-0.19193130731582642,0.029445260763168335,-0.41055548191070557,0.33084967732429504
Al,0.22507917881011963,0.22120167315006256,-0.17180249094963074,0.18691259622573853,-1.076418399810791,0.13814780116081238,-0.3180122375488281,0.1823197603225708,0.09903044998645782,0.005846772342920303,-0.05691101774573326,0.5928081274032593,0.039433613419532776,-0.1530444473028183,-0.41233518719673157,-0.10345316678285599,1.07334566116333,0.22483986616134644,0.48184269666671753,-0.7804301977157593,-0.22914816439151764,-0.18789872527122498,0.12198265641927719,0.9914610385894775,-0.3101669251918793,-0.3319094777107239,-0.4501587450504303,-0.009329639375209808,-0.24248871207237244,-0.6196136474609375
Si,0.5150941610336304,-0.1683642566204071,-0.037690650671720505,-0.1611439287662506,-0.6513937711715698,-0.13833899796009064,0.18770268559455872,-0.6159415245056152,0.09923089295625687,0.2652294337749481,-0.39195340871810913,-0.050484444946050644,0.027089156210422516,-0.00033722352236509323,-0.05110597610473633,0.13149531185626984,-0.1605576127767563,-0.31108152866363525,0.9796515703201294,-0.6568243503570557,0.3227859139442444,0.07475638389587402,-1.2779515981674194,1.4500137567520142,0.16512538492679596,-0.6384071707725525,-0.09092490375041962,-0.13197946548461914,0.9501606225967407,-0.5813195109367371
P,0.346407413482666,0.13081227242946625,-0.3081204295158386,0.5547633171081543,0.23009400069713593,0.1338334083557129,0.0007273368537425995,0.1701478809118271,-0.37040194869041443,1.0517617464065552,-0.08355915546417236,-0.45357102155685425,0.054028645157814026,0.17745965719223022,0.1319664567708969,-0.602037787437439,-0.506576657295227,-0.2793598175048828,0.9354761838912964,1.1251953840255737,0.27065688371658325,-0.167409285902977,-1.4869492053985596,0.6191537380218506,-0.7904322147369385,-0.8816229104995728,-0.08093635737895966,0.32913368940353394,-0.2675139904022217,-0.22571632266044617
S,0.04280281066894531,0.9991118907928467,-0.07326021790504456,-0.0215146467089653,0.5270634293556213,0.10161659121513367,-0.27083998918533325,0.5090033411979675,-0.06848102807998657,-0.09689551591873169,-0.2287030965089798,-0.014579620212316513,0.15549500286579132,-0.07956145703792572,0.023633837699890137,0.04406233876943588,0.10600648820400238,-1.2161526679992676,-0.049085766077041626,0.561765193939209,-0.056514352560043335,0.25178757309913635,-0.9444088935852051,0.6794025897979736,0.13019168376922607,0.15444114804267883,0.05203362554311752,-0.006871575489640236,0.2885070741176605,0.5148191452026367
Cl,0.1635580062866211,0.9842089414596558,-0.0716760978102684,-0.05408061295747757,0.9030702710151672,0.41345691680908203,0.013838112354278564,-0.42764848470687866,0.44341719150543213,0.12020181119441986,-0.17560571432113647,0.13948190212249756,0.1894073188304901,-0.0038565322756767273,0.056939076632261276,-0.2906339764595032,0.3654259145259857,-0.26995018124580383,-0.5494648814201355,0.7598055601119995,0.629916787147522,-0.23217397928237915,0.5125035643577576,0.4339454770088196,-0.09724810719490051,1.059068202972412,0.09167023003101349,-0.09529496729373932,-0.2683302164077759,0.06792381405830383
K,0.19353190064430237,-0.572997510433197,-0.06430736929178238,0.15433894097805023,1.4909684658050537,-0.5616363883018494,-0.5713481903076172,0.30368179082870483,0.4865444302558899,0.03322798013687134,0.40391042828559875,0.11366218328475952,-0.07895965874195099,0.04962768405675888,-0.2672564685344696,-0.003414887934923172,-0.6423897743225098,1.2397645711898804,-0.39545896649360657,0.17867682874202728,0.4318288564682007,-0.14236244559288025,-0.2546423375606537,-1.8932421207427979,0.11160346865653992,-1.2447855472564697,0.43927285075187683,-0.10199245065450668,0.4068836569786072,1.0904039144515991
Ca,-0.1315896213054657,-1.586416244506836,0.10918711125850677,0.29658815264701843,0.8386054039001465,0.6742677688598633,-0.18741226196289062,-0.13604958355426788,0.10241864621639252,-0.5287400484085083,0.3543664216995239,0.6802775263786316,0.0480785071849823,-0.2836868464946747,0.06466183811426163,0.321221262216568,0.46394839882850647,-1.0683144330978394,0.27080589532852173,0.20517666637897491,-0.24774177372455597,-0.07568387687206268,-0.5543757677078247,-1.660868763923645,0.17881783843040466,-1.2112748622894287,-0.8126327395439148,0.010333738289773464,0.09794564545154572,0.017900049686431885
Sc,-0.4673396646976471,0.4088592529296875,-0.5365973711013794,0.5103023052215576,-0.989950954914093,0.20200493931770325,0.18468621373176575,-1.1232633590698242,1.2189345359802246,-0.6227202415466309,-0.35231611132621765,-1.0176951885223389,-0.07497164607048035,-0.10385910421609879,-0.09531127661466599,-0.08190853148698807,-0.41645729541778564,-0.19757641851902008,0.21236056089401245,0.45552173256874084,-0.011314909905195236,-0.49099278450012207,-0.1602889597415924,-1.8627197742462158,-0.19004549086093903,-0.5900968313217163,0.5944830775260925,0.5037629008293152,0.45589959621429443,-0.7308717966079712
Ti,0.03138725459575653,0.20115527510643005,0.30965670943260193,0.22402867674827576,-1.0915755033493042,-0.15085043013095856,0.0525364987552166,0.3067340850830078,0.19429676234722137,-0.6543499827384949,1.8034868240356445,-0.4174345135688782,0.04390423744916916,0.5557057857513428,-0.03301481157541275,0.23470798134803772,-0.30830779671669006,-0.021853160113096237,0.5659002065658569,-0.12165603041648865,0.029681621119379997,-0.1742994785308838,-0.6028695106506348,-1.3676592111587524,-0.6460206508636475,-1.0137113332748413,-0.6041032075881958,-0.00662645697593689,-0.10778108239173889,0.4885849356651306
V,0.4375138580799103,-0.17680047452449799,-0.7402588129043579,0.18522077798843384,-1.675675868988037,0.30238819122314453,0.07428428530693054,0.5173394680023193,0.0554349347949028,-0.03170255944132805,-0.04200640320777893,-0.5255352258682251,0.07321587204933167,0.5776466131210327,-0.2955375015735626,-0.2891541123390198,-0.024710625410079956,0.13251373171806335,0.8295360207557678,-0.2389862835407257,-0.1910180300474167,0.1919424831867218,-0.1601712554693222,-0.8409067392349243,0.3825007677078247,-1.2936875820159912,-1.0560563802719116,1.305077075958252,-0.24804554879665375,1.617262601852417
Cr,0.26700249314308167,-0.19293105602264404,-0.3827197849750519,0.3092338442802429,-1.7949748039245605,0.38216158747673035,-0.18884268403053284,0.6203049421310425,-0.22402353584766388,0.008911708369851112,0.6650594472885132,0.009257540106773376,0.39765217900276184,-0.5040828585624695,-0.46171241998672485,0.014817796647548676,-0.009838801808655262,0.8843820095062256,0.6129360795021057,-0.0036109909415245056,-0.2516400218009949,0.990612804889679,-0.47321179509162903,-0.6023012399673462,0.39037561416625977,-1.0221744775772095,-1.4796204566955566,-0.21244454383850098,0.025784030556678772,1.375258445739746
Mn,1.020920991897583,-0.4728608727455139,1.598411202430725,0.2702244818210602,-1.3866708278656006,0.14656327664852142,-0.05608317255973816,-0.11494038254022598,0.12659597396850586,-0.09600771963596344,0.09653160721063614,-0.4042242169380188,0.29700997471809387,-0.14901357889175415,-0.01905176043510437,-0.2408864051103592,0.15199598670005798,-0.42968398332595825,0.342942476272583,0.28300145268440247,-0.6254666447639465,0.20905423164367676,0.06949210166931152,-0.24720945954322815,0.17875729501247406,-1.0196456909179688,-0.5170547366142273,0.10362027585506439,0.037014737725257874,0.8582139611244202
Fe,0.1243952065706253,0.2623951733112335,0.14987199008464813,0.029887134209275246,-2.127753734588623,0.30297836661338806,0.1520160287618637,0.2685093879699707,-0.07527037709951401,0.26475903391838074,-0.012446660548448563,-0.1076282188296318,0.20553812384605408,-0.06257836520671844,0.1261458694934845,0.057801857590675354,0.13502094149589539,-0.04775489121675491,0.3353029489517212,0.4960002303123474,-0.4693543314933777,-0.08037447184324265,0.018523667007684708,0.3583812713623047,0.3706456422805786,-0.7711062431335449,1.4903239011764526,-0.1870911717414856,-0.30023136734962463,1.522435188293457
Co,0.2623586058616638,-0.07005200535058975,0.09195005893707275,0.10685651004314423,-2.0003561973571777,0.2648299038410187,0.22994211316108704,0.08594061434268951,-0.12911753356456757,0.10627083480358124,-0.1870051920413971,0.1324349194765091,-1.555114507675171,-0.1983814388513565,0.07446952909231186,0.04555721580982208,-0.5888344049453735,-0.5539581775665283,-0.6472415924072266,0.484327495098114,-0.7986582517623901,-0.08329903334379196,-0.2888275682926178,0.4371216595172882,0.15971215069293976,-0.5267903804779053,0.32157737016677856,-0.295605331659317,-0.36222606897354126,1.2971147298812866
Ni,0.46675562858581543,-0.18368259072303772,-0.0034115612506866455,1.707802176475525,-1.233012080192566,0.3292011022567749,-0.013291466981172562,0.5104320049285889,0.08872059732675552,0.26333868503570557,-0.14251846075057983,0.16482239961624146,0.04945595562458038,-0.17561104893684387,-0.08958341181278229,-0.0855596512556076,-0.5460844039916992,-0.8225468397140503,-1.333693265914917,0.4158259332180023,-1.301946759223938,0.10107561945915222,-0.27861472964286804,0.4176909029483795,-0.3922424614429474,-0.22389601171016693,-0.16924123466014862,-0.2683735489845276,0.30756351351737976,0.5891191959381104
Cu,0.48374804854393005,-0.1171996220946312,-0.1597926765680313,0.23127321898937225,0.12154190242290497,0.21859607100486755,-0.15638621151447296,0.4419606924057007,0.24877285957336426,0.29014185070991516,-0.513633131980896,-0.3537071645259857,-0.1446741819381714,-1.093091607093811,0.3494076430797577,0.010031364858150482,0.4468384385108948,0.20228612422943115,-0.3839745819568634,0.23984569311141968,-1.6435396671295166,0.3299410343170166,-0.2187393456697464,0.011344127357006073,-1.263792634010315,-0.4387572705745697,-0.22228175401687622,-0.13038557767868042,-0.12303648889064789,0.5518715381622314
Zn,-2.2173149585723877,-0.6135280132293701,-0.24243754148483276,-0.01431456208229065,0.43890005350112915,-0.0483078733086586,-0.033152494579553604,0.7388874292373657,0.07056035846471786,-0.20976106822490692,-0.20223991572856903,0.3853286802768707,0.3415098488330841,-0.1251218020915985,0.0017317906022071838,-0.09112335741519928,-0.37146613001823425,0.16361577808856964,-0.0984577015042305,0.2800998091697693,-1.4034757614135742,-0.5554331541061401,-0.5494987368583679,0.6024682521820068,-0.1518193632364273,-0.5709835290908813,0.09796792268753052,-0.038405224680900574,0.2410295158624649,-0.6006880402565002
Ga,0.21172624826431274,0.1387837827205658,-0.5839341878890991,-0.1756843626499176,0.06961677968502045,-0.10047931224107742,-0.4203425943851471,-0.3653806447982788,0.3463844060897827,-0.570143461227417,-0.20196503400802612,1.3115664720535278,0.43999579548835754,-0.39854127168655396,-0.26863276958465576,0.17281657457351685,-1.6685538291931152,0.3122786283493042,0.8138821125030518,0.5679627656936646,-1.3040751218795776,0.009893775917589664,-0.1488172560930252,1.0302096605300903,-0.027374116703867912,-0.19710996747016907,-0.13293249905109406,0.07194381207227707,-0.5068488121032715,-0.6595907807350159
Ge,-0.07900703698396683,0.31307724118232727,0.15503334999084473,-0.18371430039405823,0.06231695041060448,0.08499123156070709,-0.022025806829333305,0.08904002606868744,0.02283749170601368,0.08082559704780579,-0.2361028492450714,-0.22546887397766113,-0.11028523743152618,-0.08177743852138519,-1.6273843050003052,0.16642867028713226,-0.47250041365623474,0.07018225640058517,1.0889660120010376,0.6319276690483093,-0.6752594709396362,0.023509111255407333,-0.569020688533783,1.3899030685424805,0.46217721700668335,-0.23138099908828735,-0.16082079708576202,-0.122166708111763,0.36506205797195435,-1.0107060670852661
As,-0.3199039697647095,0.5191190838813782,-0.3356313109397888,0.6501061916351318,0.8082048296928406,0.2906298041343689,-0.17123480141162872,0.047019947320222855,0.014183826744556427,2.0604817867279053,0.34091639518737793,-0.8206720352172852,-0.02044020965695381,-0.11769754439592361,-0.20688053965568542,0.38799652457237244,-1.0055537223815918,-0.24338334798812866,1.3657572269439697,0.5367785692214966,-0.3716772794723511,0.23782767355442047,0.016117721796035767,0.5411244630813599,-0.673078715801239,-0.36113154888153076,-0.17889666557312012,0.1416998952627182,0.054928794503211975,0.030917301774024963
Se,0.6788218021392822,1.8287158012390137,-0.1064738780260086,-0.4992144703865051,0.8165105581283569,-0.020050786435604095,0.20410656929016113,0.004554055631160736,-0.2654176354408264,0.42223456501960754,-0.011113971471786499,0.1881251037120819,0.06144750490784645,-0.2453623116016388,-0.2329929620027542,-0.20254617929458618,-0.08169399201869965,-0.5786770582199097,-0.5690297484397888,0.3326016664505005,-0.2460555136203766,-0.01161101832985878,-0.616445779800415,0.5958479642868042,-0.0024067454505711794,0.45539310574531555,0.14845719933509827,-0.10873791575431824,0.274604856967926,0.18169057369232178
Br,-0.055047616362571716,0.5005866289138794,0.5111016035079956,0.3120775818824768,0.5236470103263855,-0.3291260600090027,0.08239574730396271,-0.16720306873321533,-0.3105398118495941,0.5448920130729675,-0.25223591923713684,-0.6227854490280151,-0.04526433348655701,-0.6600929498672485,-0.3050875961780548,-0.6818516254425049,0.6094850897789001,0.5565909147262573,-0.48015639185905457,-0.18198269605636597,0.7241605520248413,-1.0154223442077637,2.0925962924957275,0.722104549407959,0.690117597579956,0.004269242286682129,0.5092691779136658,0.1771058887243271,-0.05931448936462402,-0.06851768493652344
Kr,-1.4146009683609009,-3.5897839069366455,2.9938178062438965,2.808284282684326,-1.9567378759384155,-2.7304129600524902,-0.694276750087738,2.498558521270752,-1.6712583303451538,3.0556764602661133,0.05955241620540619,-2.7481601238250732,1.857757329940796,-1.8930517435073853,-1.350524663925171,-1.936314582824707,0.870175302028656,4.464807033538818,1.285203456878662,-3.4656412601470947,1.4788360595703125,-3.156581401824951,6.613509654998779,1.8877736330032349,0.6802815794944763,-4.648897647857666,1.5776013135910034,1.133623719215393,1.6122676134109497,-0.285616010427475
Rb,-0.0526595413684845,-0.8182231783866882,0.35812899470329285,0.15376485884189606,1.5365177392959595,0.6664915084838867,-0.42222368717193604,0.24695247411727905,0.2806600034236908,0.3166911005973816,-1.0764291286468506,-0.2358565777540207,-0.02270548976957798,-0.13551852107048035,-0.33259317278862,-0.3769247233867645,-0.8106206059455872,1.7539219856262207,-0.27817294001579285,-0.10049064457416534,0.4134015738964081,-0.391229510307312,-0.1672942340373993,-2.0368785858154297,0.10907421261072159,-1.2452449798583984,0.6330359578132629,-0.04507008194923401,0.4051816165447235,1.327742099761963
Sr,0.23795346915721893,-1.6267979145050049,-0.8086042404174805,0.12273480743169785,1.0558500289916992,1.0374153852462769,0.44095781445503235,-0.4357539713382721,-0.27555060386657715,-0.4489240050315857,0.4539913237094879,0.4076725244522095,0.11920756101608276,0.2277258038520813,-0.09618745744228363,-0.041252411901950836,0.4301467835903168,-0.5602613687515259,0.022610876709222794,0.1166176125407219,-0.22879354655742645,-0.5200341939926147,-0.4453433156013489,-1.7612600326538086,-0.0712888166308403,-1.26993727684021,-0.4347377121448517,0.08148516714572906,0.2808278799057007,0.3405936360359192
Y,0.02153928205370903,-0.04841093719005585,-0.09533339738845825,0.531218409538269,-0.8396578431129456,0.7330735921859741,-0.22360390424728394,-0.42983049154281616,0.08198877424001694,-0.8599391579627991,-0.0444868765771389,-0.5782459378242493,-0.1899518221616745,-0.6725552082061768,-0.018609020859003067,0.14046353101730347,-0.4716407060623169,-0.18799421191215515,0.21510829031467438,-0.18901966512203217,0.0252479650080204,-0.29273951053619385,0.0895395576953888,-1.819199562072754,-0.013786807656288147,-0.5294635891914368,0.8799741864204407,0.11006364971399307,-0.2040785253047943,-0.8652557134628296
Zr,-0.16641509532928467,0.481692373752594,-0.3506419062614441,0.45774465799331665,-1.121238350868225,0.940280020236969,-0.23660753667354584,-0.2709890902042389,-0.05187588930130005,-1.3093886375427246,-0.32401707768440247,-0.29644447565078735,0.09380754828453064,0.1799447238445282,0.15436528623104095,0.11177145689725876,-0.7111192941665649,0.24320727586746216,0.564049243927002,0.050866588950157166,0.5529395937919617,-0.7082034945487976,0.26123514771461487,-1.812212347984314,-0.4849475622177124,-0.5268806219100952,-0.9915434122085571,-0.11708143353462219,0.39431363344192505,0.2462388426065445
Nb,-0.32554709911346436,0.31959518790245056,-0.10159435868263245,0.20645329356193542,-1.4630892276763916,0.9548660516738892,0.6409076452255249,0.010188102722167969,0.7610765695571899,0.417560875415802,0.21596692502498627,0.08433467149734497,-0.16473214328289032,-0.01028517633676529,-0.20199652016162872,-0.1060141995549202,-0.2735123634338379,1.0797569751739502,0.6278545260429382,0.10040207207202911,0.18926358222961426,0.06744636595249176,-0.8704162240028381,-1.335498571395874,0.7022379040718079,-0.9273055791854858,-1.4016567468643188,-0.09774124622344971,-0.06432272493839264,0.8098087310791016
Mo,0.19734539091587067,0.8895227909088135,0.2606666088104248,0.5390011072158813,-2.046332359313965,-0.049590758979320526,0.38152623176574707,0.005811654031276703,-0.1474412977695465,-0.657400906085968,-0.8356744050979614,0.08783944696187973,0.6637517213821411,0.674810528755188,0.028446141630411148,0.22908635437488556,-0.24375252425670624,2.0713462829589844,0.008651810698211193,0.1424293965101242,0.1691676378250122,0.6836755275726318,-1.0107029676437378,-0.7494367361068726,-0.11040902882814407,-0.9300543665885925,-0.768796980381012,-0.3586285412311554,-0.31134793162345886,0.8121259212493896
Tc,-0.3489362299442291,0.07946668565273285,-0.3025602698326111,-0.2747105658054352,-1.305814266204834,-0.5891577005386353,0.14241191744804382,-0.7122868299484253,-0.04331505298614502,0.5393158793449402,0.0748070478439331,-1.349900484085083,-0.20002804696559906,0.8751881122589111,0.057518038898706436,-0.1412263810634613,0.7052205204963684,1.8897895812988281,-0.8491748571395874,0.6031953692436218,0.47646021842956543,-0.10765783488750458,0.2475166618824005,-0.006179986521601677,0.4551687240600586,-0.12838135659694672,-0.36428526043891907,0.03511933237314224,1.2212274074554443,0.4619351625442505
Ru,-0.8062243461608887,-0.17882128059864044,0.1166435107588768,-0.3278091549873352,-1.6686776876449585,0.15333598852157593,-0.0690302774310112,-1.4570435285568237,0.01788465306162834,-0.2910863757133484,0.7583790421485901,0.5096789002418518,0.3602757155895233,0.3422287702560425,-0.002186313271522522,0.14513351023197174,0.29525065422058105,-0.14151091873645782,-1.9412903785705566,1.0394536256790161,-0.2935473918914795,0.5392472743988037,0.22529765963554382,0.2640295922756195,0.008478347212076187,0.004443764686584473,0.15368486940860748,0.49521979689598083,-0.1751306802034378,0.3515627980232239
Rh,-0.4516848623752594,-0.5646375417709351,0.0016788411885499954,-0.7329877614974976,-0.8452081680297852,0.28911343216896057,-0.18352651596069336,-0.7846329212188721,0.022146161645650864,0.060822077095508575,0.2280338704586029,-0.42330560088157654,1.5773265361785889,-0.05440673232078552,-0.22484788298606873,0.6355377435684204,0.2068903148174286,-0.4125288128852844,-2.112136125564575,0.4880484342575073,-0.9941467046737671,0.32016462087631226,0.05986451357603073,-0.04317620396614075,0.35188618302345276,0.4692705273628235,0.022486429661512375,1.0769590139389038,0.3885751962661743,0.3090241551399231
Pd,-0.04879187047481537,-0.4877457022666931,-0.011411599814891815,-0.03922772407531738,-0.1196412444114685,0.1779402196407318,-0.03244559466838837,-0.9787358045578003,-0.03436347842216492,0.36077025532722473,-0.24065327644348145,-0.28321388363838196,2.0388197898864746,-0.3912668824195862,-0.14016658067703247,-0.2135889232158661,0.42452824115753174,-0.36779314279556274,-1.849079966545105,0.33836644887924194,-1.4876313209533691,-0.10776222497224808,0.8385728597640991,0.012845724821090698,-0.03848738968372345,0.861960768699646,0.12173812836408615,-0.8968473672866821,0.4004690945148468,0.1722288727760315
Ag,0.13280412554740906,-0.4388825297355652,-0.8658534288406372,0.3159184455871582,1.1692743301391602,-0.018796388059854507,-0.731286883354187,-0.061860308051109314,-0.34128904342651367,0.06503739953041077,-0.47152042388916016,-0.14230293035507202,0.3180549740791321,-1.101892113685608,0.10402227193117142,-0.2531602382659912,0.9604417085647583,0.8814923763275146,0.215451180934906,-0.017718009650707245,-1.8071825504302979,1.109503984451294,-0.05756669491529465,0.022545812651515007,-0.002959221601486206,-0.583674967288971,0.8138329386711121,0.0672755241394043,-0.10529979318380356,0.405119389295578
Cd,0.06610596179962158,-1.3287267684936523,-0.18739348649978638,0.7975004315376282,1.4591268301010132,-0.12149397283792496,0.4317273497581482,0.5144709348678589,-0.09777040779590607,-0.11735685169696808,0.07813020795583725,1.1225340366363525,0.27744314074516296,-0.12134943902492523,-0.19134265184402466,0.20298096537590027,0.14878292381763458,0.36758100986480713,-0.5389834642410278,0.252133846282959,-1.6142277717590332,-0.27264004945755005,-0.13907459378242493,0.4799540638923645,-0.15766741335391998,-0.581109881401062,1.2742871046066284,0.17596182227134705,0.06198316812515259,-0.9635523557662964
In,0.4413788914680481,-0.07770143449306488,-0.34646448493003845,0.33573731780052185,1.3013761043548584,-0.01719694398343563,-0.41064324975013733,0.29853880405426025,0.3701900243759155,-0.8564091324806213,0.0037122704088687897,-0.11097931861877441,-0.30435168743133545,-0.4238666892051697,-0.13866767287254333,-0.037857189774513245,-1.3500468730926514,0.6370123028755188,-0.13742895424365997,0.7594994306564331,-1.5700428485870361,0.13047154247760773,-0.26546579599380493,0.7679693102836609,0.044751543551683426,-0.407351553440094,-0.20133817195892334,0.03340845927596092,0.12768714129924774,-1.1621768474578857
Sn,-0.07217338681221008,0.10690010339021683,0.29016757011413574,-0.3050200641155243,0.7614743709564209,0.3303823471069336,-0.1128791868686676,0.44895654916763306,0.04618518799543381,-0.1003870964050293,0.09525655210018158,-0.433786541223526,-0.12035764753818512,-0.26430195569992065,1.7193567752838135,0.04255286976695061,-1.2620186805725098,0.3064424991607666,0.7379528284072876,0.5057318210601807,-0.9384486079216003,0.35412147641181946,-0.17168790102005005,1.2177637815475464,0.3250313103199005,-0.3137573301792145,-0.20488741993904114,-0.18865135312080383,0.08561980724334717,-0.8914622664451599
Sb,-0.07280372083187103,0.5187182426452637,0.14683708548545837,-0.051606982946395874,1.0707111358642578,0.2910114526748657,-0.3149392008781433,0.7600035667419434,0.06667713820934296,0.019045323133468628,0.041846226900815964,-0.16194406151771545,0.2461506724357605,0.6957581043243408,0.19729605317115784,0.537062406539917,-0.5840593576431274,0.5583600401878357,0.5494710206985474,0.1826486587524414,-0.892318844795227,0.33693671226501465,0.7487168312072754,1.0161678791046143,0.18275392055511475,-0.5050786733627319,-0.4779726266860962,-0.12434179335832596,-1.3835184574127197,-0.429672509431839
Te,0.05328232795000076,1.8628493547439575,0.29835057258605957,0.5013549327850342,0.9369476437568665,-0.3592827320098877,-0.09114181995391846,-0.4408998191356659,0.3045094609260559,0.13468414545059204,-0.02634211629629135,-0.04097882658243179,0.21264320611953735,-0.44802194833755493,-0.16582095623016357,0.6324784159660339,-0.10440869629383087,0.13797949254512787,0.12674131989479065,0.4053627550601959,-0.18636886775493622,-0.031313706189394,0.5728972554206848,0.613073468208313,0.5990556478500366,-0.23272834718227386,-0.25300219655036926,0.2454681694507599,-0.6619632244110107,0.13800106942653656
I,-0.014415435492992401,0.26995089650154114,0.043555013835430145,1.0722018480300903,1.6786472797393799,0.16025474667549133,0.22910702228546143,-0.9203999042510986,-0.21971896290779114,0.07676640152931213,-0.07778917253017426,-0.14835835993289948,-0.32377889752388,-0.40756988525390625,0.4745076298713684,0.5162540078163147,0.4204801917076111,-0.40842923521995544,0.08198919892311096,0.6929360032081604,0.49181294441223145,-0.016095265746116638,0.7935108542442322,0.8293454647064209,0.4718235731124878,-0.3884586989879608,0.08665433526039124,-0.01912715472280979,-0.6993294358253479,0.3559790849685669
Xe,-0.7406046986579895,-2.2971255779266357,0.7554587125778198,0.7091982364654541,1.8862674236297607,-1.8386573791503906,0.5684425830841064,-0.03057144582271576,-0.5988839864730835,1.1016547679901123,0.19162201881408691,-0.3711477816104889,0.21380743384361267,-0.4679701328277588,0.6240566372871399,-1.307769536972046,-1.6432969570159912,0.6026945114135742,1.7084664106369019,0.6164655685424805,0.8261144757270813,1.0918469429016113,2.330329418182373,0.41507983207702637,-0.2277667075395584,-2.59240460395813,0.7906193733215332,0.14189326763153076,-0.4625820517539978,1.2028112411499023
Cs,0.6096463799476624,-0.9009749889373779,0.21105967462062836,-0.05386628583073616,1.5647618770599365,0.7580446600914001,-0.3767521381378174,0.23243673145771027,0.2527717649936676,0.618355393409729,-0.7301148176193237,0.3407118320465088,-0.2126600295305252,-0.2821703255176544,-0.05447668954730034,-0.05461855232715607,-0.4887462854385376,1.8260931968688965,-0.22815924882888794,-0.1117718443274498,0.37789779901504517,0.12362034618854523,-0.006573677062988281,-2.1196916103363037,-0.11473187059164047,-1.0863103866577148,-0.04421689733862877,0.17975503206253052,0.20430204272270203,1.2961809635162354
Ba,0.5612378120422363,-1.6689679622650146,0.13502226769924164,-0.1438470035791397,1.2964832782745361,-0.43014782667160034,0.5328831672668457,-0.09886713325977325,-0.24002602696418762,0.06789501756429672,-0.41279828548431396,0.26970335841178894,0.007227160967886448,0.3202638328075409,-0.14202788472175598,0.13137783110141754,0.30979490280151367,0.35994893312454224,0.2061353623867035,0.30914780497550964,-0.3485614061355591,-0.36193209886550903,-0.3038270175457001,-1.8351707458496094,-0.0325850285589695,-1.2719993591308594,-0.6557468175888062,-0.15440499782562256,-0.023165911436080933,0.7443251013755798
La,0.035247281193733215,-0.03480356186628342,0.10779890418052673,-0.2256098985671997,0.2907196879386902,1.5037797689437866,-0.07984502613544464,0.22458747029304504,0.044652990996837616,0.438835084438324,0.013370931148529053,0.5712939500808716,-0.43937093019485474,-0.35716259479522705,-0.04945887252688408,0.6827043294906616,0.00973900780081749,0.006879234686493874,0.04017861187458038,0.11837537586688995,-0.1483089178800583,0.5563099384307861,-0.6680676937103271,-1.9007842540740967,0.39090296626091003,-0.3447229862213135,0.303195595741272,-0.033861368894577026,-0.20507565140724182,-0.9103702902793884
Ce,-0.0776243507862091,0.12062239646911621,-0.004543565213680267,-0.4223414361476898,-0.4884684681892395,0.6625416278839111,-0.16026777029037476,0.2534988522529602,-1.6852303743362427,0.20789530873298645,-0.024129804223775864,0.1526843011379242,-0.03590136021375656,-0.2866952121257782,-0.11654126644134521,0.23803073167800903,-0.5476001501083374,0.10136062651872635,-0.33290717005729675,0.17644768953323364,-0.5155779123306274,0.6130450963973999,-0.2210371494293213,-2.039876937866211,0.010768678039312363,0.048441845923662186,0.3301241099834442,-0.4514210522174835,0.1176193580031395,-1.4024710655212402
Pr,0.04955281317234039,0.22833487391471863,0.19754578173160553,-0.000560220330953598,-0.588483989238739,0.930365800857544,0.10791220515966415,0.22908484935760498,-0.3603055775165558,-0.32907581329345703,-0.23114342987537384,0.051910318434238434,-0.3875112235546112,0.3874863386154175,-0.07135699689388275,0.22603315114974976,-0.1643701195716858,-0.02482815645635128,-0.0051096417009830475,0.5720406770706177,-0.5113073587417603,0.4398539960384369,-0.31776732206344604,-2.032219409942627,-0.21695801615715027,-0.19533520936965942,1.4561771154403687,0.0074332840740680695,0.04183283820748329,-1.5065944194793701
Nd,0.4814220070838928,0.12199299037456512,-0.31841570138931274,-0.15050271153450012,-0.5074883103370667,0.11877869814634323,0.07951691746711731,0.2492847442626953,0.4562526345252991,-0.2919256389141083,0.5260693430900574,-0.12189818918704987,-0.12922948598861694,0.21129482984542847,0.040965933352708817,-0.23647496104240417,0.1354016214609146,-0.33221006393432617,0.3588164448738098,0.458496630191803,-0.6733725666999817,0.06305991113185883,-0.21920889616012573,-1.8099098205566406,0.014171205461025238,-0.23868341743946075,1.2889131307601929,-0.09293346852064133,-0.004327923059463501,-1.2467740774154663
Pm,-0.18145528435707092,0.28558239340782166,-1.5840286016464233,-0.9215354323387146,0.49388837814331055,-0.7775535583496094,-0.5964215993881226,0.5666934251785278,0.5544612407684326,0.6703576445579529,-0.3675837516784668,-0.19116413593292236,-0.016096118837594986,1.110365629196167,0.36715421080589294,-0.3795066475868225,0.4962558150291443,0.34834372997283936,-0.02698832005262375,-0.024631649255752563,-1.4715039730072021,0.12002628296613693,-0.5917738080024719,-0.9867026209831238,-0.36981356143951416,0.47978413105010986,0.700671911239624,0.21808254718780518,0.06645695120096207,-1.5647180080413818
Sm,0.046510204672813416,0.05050154775381088,-0.919963002204895,-0.10329442471265793,-0.5834989547729492,0.374068945646286,0.241839200258255,0.4946744740009308,0.2147524505853653,1.0889338254928589,0.4741967022418976,0.4076448380947113,0.11957648396492004,-0.019737839698791504,0.13969145715236664,-0.40618520975112915,0.1615103781223297,-0.3961908221244812,0.15731534361839294,0.8517109751701355,-0.884206235408783,0.10732203722000122,-0.4200505018234253,-1.828234076499939,0.8209322690963745,-0.1364918053150177,0.21420401334762573,-0.077073834836483,-0.29492253065109253,-1.245591640472412
Eu,-0.2769409418106079,0.12554222345352173,-1.0526890754699707,0.1585380584001541,0.08310982584953308,0.5694108605384827,-0.08824720233678818,0.41209372878074646,0.18884548544883728,1.1238569021224976,-1.3369874954223633,0.7769893407821655,0.16203339397907257,0.2163640707731247,-0.018683046102523804,0.11569136381149292,-0.17335402965545654,-0.31094032526016235,-0.5085042119026184,0.8396241664886475,-0.354358434677124,0.25838109850883484,-0.3383270502090454,-1.9330105781555176,0.0244212057441473,-0.49734294414520264,-0.6017733812332153,-0.06517234444618225,0.21601583063602448,-0.6520510315895081
Gd,0.1324092149734497,0.265168160200119,0.023521244525909424,-0.007842037826776505,-0.7523878812789917,-0.8326263427734375,0.026677511632442474,0.6562785506248474,1.5362203121185303,0.03998361527919769,-1.1107102632522583,-0.27533096075057983,0.16152545809745789,-0.1530737578868866,0.10001617670059204,-0.04283681511878967,0.10263349115848541,-0.030284970998764038,-0.08173935860395432,0.6044837236404419,-0.03660339117050171,0.04745737090706825,-0.2525818347930908,-2.027515411376953,-0.02728217840194702,-0.430042028427124,0.24173077940940857,-0.0734420195221901,-0.38786780834198,-0.9334461688995361
Tb,0.26937738060951233,0.5945791602134705,-0.437710165977478,0.21884894371032715,-0.9534683227539062,-0.20142480731010437,-0.0016634631901979446,0.18273641169071198,0.039903730154037476,0.4728412926197052,-1.1652737855911255,-0.09020929783582687,0.2164526730775833,-0.3699535131454468,0.12505799531936646,-0.45240870118141174,0.10777241736650467,-0.2590952515602112,-0.31143438816070557,0.37768739461898804,-0.5579357743263245,0.0050457678735256195,0.0772261992096901,-1.9499056339263916,0.6932458281517029,0.0028216689825057983,0.275157630443573,0.13877376914024353,-0.40884244441986084,-1.1832383871078491
Dy,0.3532547354698181,0.4790097773075104,0.1755950152873993,0.1839815080165863,-1.107236623764038,-0.33591967821121216,-0.22579053044319153,0.17469392716884613,1.1566303968429565,0.4777092933654785,-0.989272952079773,0.18315431475639343,0.0791427418589592,-0.16150297224521637,0.2134636491537094,-0.07348601520061493,0.3159067630767822,-0.5193166732788086,0.007259119302034378,0.5945219397544861,-0.584377646446228,0.34243011474609375,-0.21260103583335876,-2.386979103088379,0.8852028250694275,0.004101060330867767,0.4999834895133972,-0.006470889784395695,-0.41597679257392883,-1.458556890487671
Ho,0.17394638061523438,0.4964810013771057,0.17357656359672546,0.2523992359638214,-1.2364243268966675,-1.0702534914016724,-0.24943357706069946,0.08169183135032654,0.22703956067562103,-0.13323546946048737,-0.869484007358551,-0.4156598150730133,0.26945146918296814,0.24223724007606506,0.14505024254322052,-0.10315005481243134,-0.01027088612318039,-0.5231221914291382,-0.17248696088790894,0.4465984106063843,-0.780373215675354,0.35210758447647095,-0.008036356419324875,-2.2790119647979736,0.38229772448539734,0.028922734782099724,0.4341108798980713,0.0019063735380768776,-0.5472508072853088,-1.3818283081054688
Er,0.3854641318321228,0.08471810817718506,-0.481214314699173,0.26605433225631714,-1.4149023294448853,-0.8097261190414429,-0.3407856523990631,-0.026103589683771133,-0.31295233964920044,0.031163424253463745,-0.28649914264678955,-0.6250170469284058,0.1767047643661499,-0.16935814917087555,0.16299185156822205,0.11906325072050095,0.20876123011112213,-0.8339630365371704,0.019021932035684586,0.882859468460083,-0.9100837707519531,0.35802966356277466,0.3995934724807739,-2.2190442085266113,0.50373375415802,0.086703822016716,0.15001988410949707,0.14465534687042236,-0.26242193579673767,-1.4003269672393799
Tm,0.25804826617240906,0.5051167607307434,-0.04068250209093094,-0.09477238357067108,-1.1854177713394165,-0.042144447565078735,-0.5278846025466919,0.23051247000694275,1.6760172843933105,0.4121806025505066,-0.03585462272167206,-0.3362884223461151,-0.025754157453775406,0.46171268820762634,-0.20435360074043274,0.024705979973077774,0.021058570593595505,-0.6651502847671509,-0.21526050567626953,0.5204840898513794,-0.6478872299194336,0.38311564922332764,0.19686248898506165,-2.2937235832214355,-0.02082095295190811,0.018114885315299034,0.42774736881256104,-0.22012393176555634,0.0667320042848587,-1.3546178340911865
Yb,0.0997968390583992,0.32445982098579407,0.7146912813186646,-0.4284215569496155,-0.5160036683082581,0.2048601508140564,-0.6162901520729065,0.8367307782173157,0.7450768947601318,1.294242024421692,-0.6570231914520264,0.19932566583156586,-0.04574908688664436,0.33301371335983276,-0.2833920121192932,0.04715559259057045,0.1733957976102829,-0.5351288318634033,-0.31809911131858826,0.4179518222808838,-0.569096028804779,0.43640244007110596,0.09149079024791718,-2.1113152503967285,-0.08001405745744705,-0.06218878924846649,-0.22336988151073456,-0.4181586503982544,0.09865283221006393,-0.9290374517440796
Lu,0.16312560439109802,0.19541247189044952,-0.13622896373271942,-0.3022359609603882,-0.9648312926292419,-1.4982011318206787,-0.35070812702178955,0.7157838344573975,0.972790002822876,0.8277654647827148,0.4752039909362793,-0.2306913584470749,-0.09636719524860382,-0.5035508871078491,-0.3165179193019867,0.21775004267692566,-0.049118440598249435,-0.6847577095031738,-0.24859023094177246,0.659250020980835,-0.5206649303436279,0.586561381816864,0.3254646062850952,-2.120863676071167,0.19440849125385284,-0.09977947175502777,0.06983183324337006,-0.46169331669807434,-0.36923471093177795,-1.4220339059829712
Hf,-0.3974763751029968,0.7296229600906372,0.2866703271865845,-0.02510032057762146,-1.3117892742156982,-0.14182725548744202,-0.09399133175611496,-0.36944398283958435,-0.20322389900684357,-1.3210653066635132,-0.7814520001411438,0.2242347002029419,0.3274487257003784,0.0014318712055683136,-0.15931078791618347,-0.28678274154663086,-0.8126355409622192,0.12759742140769958,0.6043899059295654,-0.2574041783809662,0.46795785427093506,-0.4859854280948639,-0.12375082820653915,-1.7625362873077393,-0.852453351020813,-0.5214225053787231,-1.2752869129180908,-0.19545473158359528,0.8698185086250305,0.4225988984107971
Ta,0.010857097804546356,0.4884622097015381,-0.9442888498306274,0.1156507283449173,-2.132915496826172,-0.23554778099060059,0.5860974192619324,-0.17656415700912476,0.48685044050216675,-0.39601534605026245,0.20673301815986633,-0.014701485633850098,-0.015650229528546333,-0.8557556867599487,0.2974530756473541,-0.8424022793769836,0.16045144200325012,1.2114030122756958,0.8153728246688843,0.9514827728271484,-0.05839774012565613,0.18004444241523743,-0.9386806488037109,-1.4433430433273315,0.7696202397346497,-1.0500420331954956,-1.6600120067596436,-0.015692489221692085,0.3277948796749115,0.4518020749092102
W,-0.24525335431098938,0.3134952485561371,0.5301671624183655,0.8420674204826355,-1.4990217685699463,-0.15081354975700378,0.8487105965614319,-0.09296485036611557,0.130595862865448,-0.39689165353775024,-0.9987087249755859,0.11250786483287811,0.10062063485383987,-0.5762067437171936,-0.10832543671131134,-0.42329639196395874,0.18599101901054382,2.1660709381103516,0.22435006499290466,-0.1650097370147705,1.05155348777771,0.7665915489196777,-0.888995349407196,-0.37146422266960144,-0.23748914897441864,-1.063791275024414,-0.4077290892601013,0.3337254822254181,-0.35754770040512085,0.7367547154426575
Re,0.0219532772898674,-0.06826667487621307,-0.7962172031402588,-0.5217170715332031,-1.5880584716796875,-0.3337074816226959,-0.4750860035419464,-0.3714061975479126,0.011980091221630573,-0.042546845972537994,-0.04513929784297943,-1.0853136777877808,0.3678432106971741,0.4329255223274231,-0.2257595658302307,0.8187240958213806,0.8449209928512573,2.2732973098754883,-1.0109436511993408,0.6961722373962402,0.5713634490966797,0.5614575147628784,-0.25049909949302673,0.23376412689685822,-0.9317142963409424,-0.2104431688785553,0.2701945900917053,-0.15217025578022003,1.0559570789337158,1.0475255250930786
Os,-0.4353780150413513,-0.5720972418785095,-0.11512640118598938,-1.6835771799087524,-1.7231593132019043,0.2462921440601349,-0.7298060655593872,-1.2301175594329834,0.2848729193210602,-0.32764777541160583,0.18769168853759766,-0.0813397765159607,-0.0788234993815422,0.17561745643615723,-0.4803479015827179,0.3121536076068878,0.32629483938217163,0.3479394316673279,-1.9171754121780396,1.243282437324524,-0.036135151982307434,0.9577223062515259,0.790941059589386,0.28289827704429626,-0.2554141879081726,0.26717546582221985,-0.0906459242105484,0.9216300845146179,-0.1649705022573471,0.9744516611099243
Ir,-0.2281673401594162,-0.8356693387031555,0.034663040190935135,-1.5978264808654785,-0.9994512796401978,0.2658167779445648,0.03157608211040497,-1.1797012090682983,0.0914497897028923,-0.053218670189380646,-0.3251934349536896,-0.29920801520347595,-0.2538154125213623,0.2169409841299057,-0.5439470410346985,0.029018573462963104,-0.24957789480686188,-0.29730546474456787,-1.9330934286117554,0.12339544296264648,-0.8997435569763184,0.4358915090560913,0.1590694785118103,0.39488691091537476,0.19426213204860687,0.35310986638069153,-0.4034300446510315,1.7861557006835938,-0.19551964104175568,0.49875694513320923
Pt,0.1129547655582428,-0.7701539397239685,-0.3365877866744995,-0.36369115114212036,-0.2637936770915985,0.027134880423545837,0.11272919178009033,-1.5155596733093262,0.27884069085121155,0.3750641345977783,-0.17834097146987915,-0.39721983671188354,-0.35651639103889465,0.557902991771698,-0.33406341075897217,0.43858832120895386,0.33607903122901917,-0.31275004148483276,-1.7015776634216309,0.3811649978160858,-1.0606000423431396,0.24644915759563446,0.5615150928497314,0.2591286301612854,0.28270769119262695,0.6116032004356384,-0.26248303055763245,-1.1623625755310059,-0.21584369242191315,0.17364971339702606
Au,-0.3497098982334137,-0.7057722210884094,-0.08047303557395935,0.2719818949699402,1.0036284923553467,-0.3238973021507263,-0.14023320376873016,-1.0299012660980225,0.16248340904712677,0.8653836250305176,-0.11716750264167786,-0.037752337753772736,-0.6894038915634155,-0.03138536214828491,-0.2695716321468353,-1.6384347677230835,0.39233726263046265,0.1226310133934021,-1.2400245666503906,0.1872393637895584,-1.2802059650421143,0.7383135557174683,1.3470866680145264,0.39948657155036926,0.14854179322719574,0.6867793202400208,-0.0033626947551965714,-0.3739927411079407,-0.22340917587280273,0.3373503088951111
Hg,-0.41767826676368713,-0.9752199649810791,0.300812304019928,-0.5695015788078308,2.389493227005005,0.6026797294616699,0.028834696859121323,-0.1810205578804016,0.0999496728181839,0.5655270218849182,0.2561047673225403,0.26759040355682373,0.2611904740333557,0.6395115852355957,0.05418507754802704,0.13191750645637512,0.7755230069160461,1.1145515441894531,0.20407477021217346,0.8750573396682739,-1.505248785018921,-0.14152361452579498,0.0018968787044286728,0.33408963680267334,-0.07189799100160599,-0.40713930130004883,1.0443594455718994,-0.04096688702702522,0.07638449966907501,0.17815059423446655
Tl,-0.10899636894464493,0.2307092547416687,-0.9478387832641602,0.1170392856001854,1.98222815990448,-0.6433426141738892,-0.10674726963043213,0.6511759757995605,0.2599700391292572,0.11670197546482086,-0.19176743924617767,-0.21336482465267181,0.2838958203792572,0.08890260010957718,0.5168933868408203,0.2934214770793915,-0.2894372344017029,1.6264331340789795,-0.1611400693655014,0.13364841043949127,-0.8528860211372375,0.05689932405948639,0.1891762763261795,0.6292102336883545,1.035818338394165,-0.6629357933998108,0.9807321429252625,-0.45719510316848755,-0.20031589269638062,-0.21664297580718994
Pb,-0.1803472638130188,-0.4835151731967926,0.06910526752471924,0.14069198071956635,1.6410701274871826,0.5911617279052734,-0.38964030146598816,1.3749326467514038,-0.23620352149009705,-0.7683309316635132,0.5486208200454712,-1.205458164215088,0.6644601225852966,-0.26422613859176636,0.5040894150733948,-0.07569195330142975,0.6057542562484741,1.4467841386795044,-0.7462621331214905,0.5301720499992371,-0.4340199828147888,-0.11931142210960388,-0.2970530092716217,1.2092890739440918,0.41215765476226807,-1.0473010540008545,-0.3458407521247864,0.10108210891485214,0.037205249071121216,-0.5793607234954834
Bi,0.5288590788841248,0.0902426689863205,0.58061283826828,0.6089666485786438,1.2767956256866455,0.31245797872543335,-0.5471272468566895,0.4776969850063324,-0.24268509447574615,-0.4412597119808197,0.08572977781295776,-0.7575974464416504,0.0023493096232414246,1.1540417671203613,0.5485290288925171,0.2120470106601715,-0.010992035269737244,1.1046178340911865,-0.19458864629268646,-0.14816464483737946,-0.7847012877464294,0.18397337198257446,-0.3101499378681183,1.1273212432861328,0.8431704640388489,-0.949063777923584,-0.7040889859199524,0.3781454563140869,-0.5362758040428162,-0.877881646156311
Ac,-0.7479090094566345,-0.37249958515167236,-1.3908101320266724,-1.1836861371994019,1.1404750347137451,-0.01563100516796112,-0.7521289587020874,-0.23832686245441437,0.3327341377735138,1.3631120920181274,-0.9214521050453186,0.08848755061626434,-1.1003785133361816,-0.1282089650630951,-0.23692935705184937,0.2779160141944885,0.03492671251296997,0.15960359573364258,-0.4480874538421631,-0.4870220422744751,-0.6785995364189148,0.5003275871276855,0.3877076506614685,-0.8360273838043213,-0.04862978309392929,0.5045428276062012,1.233297348022461,0.8798844218254089,-0.11388257145881653,-0.8685110211372375
Th,0.14646746218204498,0.26977986097335815,-0.47745823860168457,-0.1220061182975769,-0.7478028535842896,-0.99956876039505,-0.35887378454208374,0.4805355966091156,-1.73862624168396,0.4559811055660248,0.17851495742797852,-0.23570917546749115,-0.3750092685222626,-0.08185919374227524,0.485190749168396,-0.10758349299430847,-0.08577066659927368,-0.07303138822317123,0.08828913420438766,0.4304822087287903,-0.006616696715354919,-0.3870660662651062,0.6752329468727112,-1.8916382789611816,-0.586596667766571,0.059934526681900024,0.7680632472038269,0.41565176844596863,0.2677549421787262,-0.9069201946258545
Pa,-0.3638494610786438,0.5862283110618591,-1.120866298675537,0.70891934633255,-0.7075780630111694,-0.8473564386367798,0.33629220724105835,-0.22337491810321808,-0.279989093542099,1.1706178188323975,0.3840089738368988,1.0363624095916748,0.002304435707628727,1.727920651435852,0.3347688317298889,0.09432973712682724,0.39288392663002014,0.15375548601150513,-0.46494051814079285,0.5717530846595764,0.3222488462924957,-1.9558814764022827,0.4998326897621155,-0.8862276673316956,-0.677992582321167,-0.2252321094274521,-0.29371657967567444,0.2932688593864441,0.4562636911869049,-0.19868676364421844
U,0.14653220772743225,0.5639505982398987,0.11161263287067413,-0.23133718967437744,-1.2492214441299438,-1.5455410480499268,-0.041893791407346725,0.2744331955909729,-0.9996594786643982,1.2041683197021484,-0.13371790945529938,0.5375679731369019,0.13208003342151642,0.23135420680046082,0.2951006293296814,0.7934725880622864,0.3537338376045227,0.37569209933280945,0.23762470483779907,0.7069191932678223,-0.01396450400352478,-0.282600998878479,0.17431572079658508,-1.9032409191131592,-0.07573927938938141,-0.4801414906978607,-1.2185287475585938,-0.1567918062210083,0.1055738627910614,-0.17059028148651123
Np,1.113227128982544,-0.023284152150154114,-0.6569283604621887,-0.15385763347148895,-0.5844016075134277,-2.42130184173584,-0.15741002559661865,0.19578969478607178,-0.34210166335105896,1.4886400699615479,-0.24090883135795593,-0.14498917758464813,0.21463802456855774,0.43539899587631226,-0.24044977128505707,1.043361783027649,0.027431096881628036,0.6595746278762817,-0.12449167668819427,0.49419617652893066,-0.36314627528190613,-0.4113156199455261,0.4798656702041626,-1.4521026611328125,-0.8762465715408325,-0.6033562421798706,0.23759940266609192,0.17228427529335022,0.32271620631217957,-0.4520984888076782
Pu,-0.3985547423362732,0.34524157643318176,-0.04766838252544403,-0.4164635241031647,-0.556068480014801,-2.130600690841675,0.3558003604412079,-0.06420740485191345,0.41563254594802856,0.9238072633743286,-0.8373358249664307,-0.4139077663421631,0.0963684469461441,0.11648449301719666,0.6373530626296997,0.9777114391326904,-0.3560559153556824,0.1873236894607544,-0.7541075348854065,0.1014157086610794,-0.08682891726493835,0.446092426776886,0.3093335032463074,-1.509201169013977,-0.6926981210708618,0.10779792070388794,0.0022984743118286133,-0.43526673316955566,-0.0572352334856987,-1.2529211044311523
